"id","gender","test1","test2","test3","test4"
"91","Female","37","53","50","75"
"92","Female","42","45","59","69"
"93","Female","43","50","67","67"
"94","Female","37","34","64","65"
"95","Female","40","60","62","69"
"96","Female","45","58","57","53"
"97","Female","43","52","55","56"
"98","Female","38","55","66","64"
"99","Female","42","52","46","63"
"100","Female","38","52","64","70"
"101","Female","39","50","61","68"
"102","Female","37","46","59","70"
"103","Female","39","59","59","61"
"104","Female","42","43","66","77"
"105","Female","38","44","60","64"
"106","Female","52","52","61","65"
"107","Female","36","54","43","74"
"108","Female","41","69","59","61"
"109","Female","43","45","47","67"
"110","Female","38","52","57","61"
"111","Female","37","51","64","56"
"112","Female","43","55","63","63"
"113","Female","42","54","52","72"
"114","Female","46","58","67","68"
"115","Female","34","47","47","62"
"116","Female","37","52","50","66"
"117","Female","37","66","61","70"
"118","Female","42","65","52","62"
"119","Female","47","47","55","63"
"120","Female","38","50","59","64"
"121","Female","37","63","54","64"
"122","Female","39","58","55","65"
"123","Female","37","49","56","61"
"124","Female","43","40","58","56"
"125","Female","38","48","51","65"
"126","Female","30","61","44","62"
"127","Female","34","46","71","65"
"128","Female","34","39","59","65"
"129","Female","38","45","46","59"
"130","Female","45","47","46","76"
"131","Female","42","50","63","70"
"132","Female","37","70","54","56"
"133","Female","39","54","72","66"
"134","Female","42","51","54","65"
"135","Female","44","69","63","72"
"136","Female","34","60","58","56"
"137","Female","43","51","66","60"
"138","Female","38","45","55","67"
"139","Female","36","59","48","59"
"140","Female","47","44","59","63"
"141","Male","42","66","67","63"
"142","Male","29","72","61","68"
"143","Male","40","56","55","68"
"144","Male","38","41","63","74"
"145","Male","38","42","60","65"
"146","Male","31","52","52","63"
"147","Male","34","66","54","55"
"148","Male","41","54","49","48"
"149","Male","37","57","56","64"
"150","Male","43","43","64","65"
"151","Male","44","60","58","60"
"152","Male","46","36","52","63"
"153","Male","39","60","57","67"
"154","Male","40","50","61","72"
"155","Male","28","57","59","62"
"156","Male","45","49","54","70"
"157","Male","49","54","53","58"
"158","Male","38","44","54","67"
"159","Male","36","73","57","72"
"160","Male","29","58","47","71"
"161","Male","42","49","65","61"
"162","Male","37","44","51","71"
"163","Male","42","60","53","67"
"164","Male","41","41","68","66"
"165","Male","44","60","56","63"
"166","Male","44","44","70","63"
"167","Male","48","64","57","68"
"168","Male","35","55","63","66"
"169","Male","38","47","56","71"
"170","Male","38","51","47","68"
"171","Male","47","64","62","54"
"172","Male","42","56","54","66"
"173","Male","36","57","54","56"
"174","Male","38","63","54","69"
"175","Male","45","52","54","62"
"176","Male","44","43","58","63"
"177","Male","29","41","62","64"
"178","Male","44","67","66","69"
"179","Male","42","50","67","69"
"180","Male","34","51","43","64"
"181","Male","27","63","52","62"
"182","Male","39","57","61","68"
"183","Male","37","41","53","67"
"184","Male","36","51","48","65"
"185","Male","41","51","55","76"
"186","Male","44","61","50","66"
"187","Male","46","52","41","67"
"188","Male","30","46","65","69"
"189","Male","45","54","55","59"
"190","Male","48","52","51","70"
