id,index,name,desc
0,0,bowtie,classy
0,1,bowtie,bow
0,2,bowtie,face
0,3,bowtie,formal
0,4,bowtie,fashion
0,5,bowtie,suit
0,6,bowtie,magic
0,7,bowtie,circus
1,8,smile,happy
1,9,smile,cheerful
1,10,smile,face
1,11,smile,joy
1,12,smile,funny
1,13,smile,haha
1,14,smile,laugh
1,15,smile,like
2,16,simple_smile,smile
2,17,simple_smile,guy
2,18,simple_smile,happy
2,19,simple_smile,cheerful
2,20,simple_smile,smiling
3,21,laughing,lol
3,22,laughing,funny
3,23,laughing,happy
3,24,laughing,joy
3,25,laughing,satisfied
3,26,laughing,haha
3,27,laughing,face
3,28,laughing,glad
4,29,blush,face
4,30,blush,smile
4,31,blush,happy
4,32,blush,flushed
4,33,blush,crush
4,34,blush,embarrassed
4,35,blush,shy
4,36,blush,joy
5,37,smiley,funny
5,38,smiley,face
5,39,smiley,happy
5,40,smiley,joy
5,41,smiley,haha
6,42,relaxed,face
6,43,relaxed,blush
6,44,relaxed,massage
6,45,relaxed,happiness
7,46,smirk,face
7,47,smirk,smile
7,48,smirk,mean
7,49,smirk,prank
7,50,smirk,smug
7,51,smirk,sarcasm
8,52,heart_eyes,heart
8,53,heart_eyes,love
8,54,heart_eyes,face
8,55,heart_eyes,like
8,56,heart_eyes,affection
8,57,heart_eyes,valentines
8,58,heart_eyes,infatuation
8,59,heart_eyes,crush
9,60,kissing_heart,heart
9,61,kissing_heart,kiss
9,62,kissing_heart,face
9,63,kissing_heart,love
9,64,kissing_heart,like
9,65,kissing_heart,affection
9,66,kissing_heart,valentines
9,67,kissing_heart,infatuation
10,68,kissing_closed_eyes,face
10,69,kissing_closed_eyes,love
10,70,kissing_closed_eyes,like
10,71,kissing_closed_eyes,affection
10,72,kissing_closed_eyes,valentines
10,73,kissing_closed_eyes,infatuation
11,74,flushed,flustered
11,75,flushed,embarassed
11,76,flushed,face
11,77,flushed,blush
11,78,flushed,shy
11,79,flushed,flattered
12,80,relieved,face
12,81,relieved,relaxed
12,82,relieved,phew
12,83,relieved,massage
12,84,relieved,happiness
13,85,satisfied,contented
14,86,grin,happy
14,87,grin,smile
14,88,grin,face
14,89,grin,joy
15,90,wink,flirt
15,91,wink,face
15,92,wink,happy
15,93,wink,mischievous
15,94,wink,secret
16,95,stuck_out_tongue_winking_eye,face
16,96,stuck_out_tongue_winking_eye,prank
16,97,stuck_out_tongue_winking_eye,childish
16,98,stuck_out_tongue_winking_eye,playful
16,99,stuck_out_tongue_winking_eye,mischievous
16,100,stuck_out_tongue_winking_eye,smile
17,101,stuck_out_tongue_closed_eyes,face
17,102,stuck_out_tongue_closed_eyes,prank
17,103,stuck_out_tongue_closed_eyes,playful
17,104,stuck_out_tongue_closed_eyes,mischievous
17,105,stuck_out_tongue_closed_eyes,smile
18,106,grinning,smiling
18,107,grinning,face
18,108,grinning,smile
18,109,grinning,happy
18,110,grinning,joy
19,111,kissing,love
19,112,kissing,like
19,113,kissing,face
19,114,kissing,3
19,115,kissing,valentines
19,116,kissing,infatuation
20,117,kissing_smiling_eyes,smooch
20,118,kissing_smiling_eyes,face
20,119,kissing_smiling_eyes,affection
20,120,kissing_smiling_eyes,valentines
20,121,kissing_smiling_eyes,infatuation
21,122,stuck_out_tongue,face
21,123,stuck_out_tongue,prank
21,124,stuck_out_tongue,childish
21,125,stuck_out_tongue,playful
21,126,stuck_out_tongue,mischievous
21,127,stuck_out_tongue,smile
22,128,sleeping,asleep
22,129,sleeping,face
22,130,sleeping,tired
22,131,sleeping,sleepy
22,132,sleeping,night
22,133,sleeping,zzz
23,134,worried,frustrated
23,135,worried,scared
23,136,worried,face
23,137,worried,concern
23,138,worried,nervous
24,139,frowning,face
24,140,frowning,aw
24,141,frowning,what
25,142,anguished,face
25,143,anguished,stunned
25,144,anguished,nervous
26,145,open_mouth,face
26,146,open_mouth,surprise
26,147,open_mouth,impressed
26,148,open_mouth,wow
27,149,grimacing,face
27,150,grimacing,grimace
27,151,grimacing,teeth
28,152,confused,baffled
28,153,confused,puzzled
28,154,confused,face
28,155,confused,indifference
28,156,confused,huh
28,157,confused,weird
28,158,confused,hmmm
29,159,hushed,face
29,160,hushed,woo
29,161,hushed,shh
29,162,hushed,conceal
29,163,hushed,hide
30,164,expressionless,deadpan
30,165,expressionless,face
30,166,expressionless,indifferent
30,167,expressionless,-_-
30,168,expressionless,meh
31,169,unamused,sarcasm
31,170,unamused,indifference
31,171,unamused,bored
31,172,unamused,straight face
31,173,unamused,serious
32,174,sweat_smile,happy
32,175,sweat_smile,relief
32,176,sweat_smile,face
32,177,sweat_smile,hot
32,178,sweat_smile,laugh
33,179,sweat,worried
33,180,sweat,stressed
33,181,sweat,face
33,182,sweat,hot
33,183,sweat,sad
33,184,sweat,tired
33,185,sweat,exercise
34,186,disappointed_relieved,face
34,187,disappointed_relieved,phew
34,188,disappointed_relieved,sweat
34,189,disappointed_relieved,nervous
35,190,weary,tired
35,191,weary,face
35,192,weary,sleepy
35,193,weary,sad
35,194,weary,frustrated
35,195,weary,upset
36,196,pensive,face
36,197,pensive,sad
36,198,pensive,depressed
36,199,pensive,okay
36,200,pensive,upset
37,201,disappointed,sad
37,202,disappointed,lonely
37,203,disappointed,face
37,204,disappointed,upset
37,205,disappointed,depressed
38,206,confounded,face
38,207,confounded,confused
38,208,confounded,sick
38,209,confounded,unwell
38,210,confounded,oops
39,211,fearful,scared
39,212,fearful,afraid
39,213,fearful,nervous
39,214,fearful,scared
39,215,fearful,face
39,216,fearful,terrified
39,217,fearful,oops
39,218,fearful,huh
40,219,cold_sweat,scared
40,220,cold_sweat,frightened
40,221,cold_sweat,nervous
40,222,cold_sweat,scared
40,223,cold_sweat,face
41,224,persevere,face
41,225,persevere,sick
41,226,persevere,no
41,227,persevere,upset
41,228,persevere,oops
42,229,cry,sad
42,230,cry,unhappy
42,231,cry,tear
42,232,cry,face
42,233,cry,tears
42,234,cry,depressed
42,235,cry,upset
43,236,sob,sad
43,237,sob,unhappy
43,238,sob,face
43,239,sob,cry
43,240,sob,tears
43,241,sob,upset
43,242,sob,depressed
44,243,joy,happy
44,244,joy,happytears
44,245,joy,face
44,246,joy,cry
44,247,joy,tears
44,248,joy,weep
44,249,joy,haha
45,250,astonished,face
45,251,astonished,xox
45,252,astonished,surprised
45,253,astonished,poisoned
46,254,scream,halloween
46,255,scream,scary
46,256,scream,scared
46,257,scream,terrified
46,258,scream,face
46,259,scream,munch
46,260,scream,omg
47,261,neckbeard,nerd
47,262,neckbeard,geek
47,263,neckbeard,nerdy
47,264,neckbeard,face
47,265,neckbeard,custom_
48,266,tired_face,sick
48,267,tired_face,whine
48,268,tired_face,upset
48,269,tired_face,frustrated
49,270,angry,mad
49,271,angry,face
49,272,angry,annoyed
49,273,angry,frustrated
50,274,rage,furious
50,275,rage,angry
50,276,rage,mad
50,277,rage,hate
50,278,rage,despise
51,279,triumph,face
51,280,triumph,gas
51,281,triumph,phew
51,282,triumph,proud
51,283,triumph,pride
52,284,sleepy,tired
52,285,sleepy,zzz
52,286,sleepy,face
52,287,sleepy,rest
52,288,sleepy,nap
53,289,yum,delicious
53,290,yum,happy
53,291,yum,joy
53,292,yum,tongue
53,293,yum,smile
53,294,yum,face
53,295,yum,silly
53,296,yum,yummy
54,297,mask,face
54,298,mask,sick
54,299,mask,ill
54,300,mask,disease
55,301,sunglasses,shades
55,302,sunglasses,face
55,303,sunglasses,cool
55,304,sunglasses,smile
55,305,sunglasses,summer
55,306,sunglasses,beach
56,307,dizzy_face,ko
56,308,dizzy_face,spent
56,309,dizzy_face,unconscious
56,310,dizzy_face,xox
57,311,imp,devil
57,312,imp,angry
57,313,imp,horns
58,314,smiling_imp,devil
58,315,smiling_imp,horns
59,316,neutral_face,indifference
59,317,neutral_face,meh
60,318,no_mouth,face
60,319,no_mouth,hellokitty
60,320,no_mouth,silent
61,321,innocent,angel
61,322,innocent,face
61,323,innocent,heaven
61,324,innocent,halo
62,325,alien,extraterrestrial
62,326,alien,UFO
62,327,alien,paul
62,328,alien,weird
62,329,alien,outer_space
63,330,yellow_heart,heart
63,331,yellow_heart,love
63,332,yellow_heart,like
63,333,yellow_heart,affection
63,334,yellow_heart,valentines
64,335,blue_heart,heart
64,336,blue_heart,love
64,337,blue_heart,like
64,338,blue_heart,affection
64,339,blue_heart,valentines
65,340,purple_heart,heart
65,341,purple_heart,love
65,342,purple_heart,like
65,343,purple_heart,affection
65,344,purple_heart,valentines
66,345,heart,heart
66,346,heart,love
66,347,heart,like
66,348,heart,valentines
67,349,green_heart,heart
67,350,green_heart,love
67,351,green_heart,like
67,352,green_heart,affection
67,353,green_heart,valentines
68,354,broken_heart,heart
68,355,broken_heart,heartbreak
68,356,broken_heart,sad
68,357,broken_heart,sorry
68,358,broken_heart,break
69,359,heartbeat,heart
69,360,heartbeat,love
69,361,heartbeat,like
69,362,heartbeat,affection
69,363,heartbeat,valentines
69,364,heartbeat,pink
70,365,heartpulse,heart
70,366,heartpulse,like
70,367,heartpulse,love
70,368,heartpulse,affection
70,369,heartpulse,valentines
70,370,heartpulse,pink
71,371,two_hearts,heart
71,372,two_hearts,love
71,373,two_hearts,like
71,374,two_hearts,affection
71,375,two_hearts,valentines
72,376,revolving_hearts,heart
72,377,revolving_hearts,love
72,378,revolving_hearts,like
72,379,revolving_hearts,affection
72,380,revolving_hearts,valentines
73,381,cupid,love
73,382,cupid,like
73,383,cupid,heart
73,384,cupid,affection
73,385,cupid,valentines
74,386,sparkling_heart,heart
74,387,sparkling_heart,love
74,388,sparkling_heart,like
74,389,sparkling_heart,affection
74,390,sparkling_heart,valentines
75,391,sparkles,stars
75,392,sparkles,shine
75,393,sparkles,shiny
75,394,sparkles,cool
75,395,sparkles,awesome
75,396,sparkles,good
75,397,sparkles,magic
76,398,star,night
76,399,star,yellow
77,400,star2,night
77,401,star2,sparkle
77,402,star2,awesome
77,403,star2,good
77,404,star2,magic
78,405,dizzy,star
78,406,dizzy,sparkle
78,407,dizzy,shoot
78,408,dizzy,magic
79,409,boom,explosion
79,410,boom,bomb
79,411,boom,explode
79,412,boom,collision
79,413,boom,blown
80,414,collision,accident
80,415,collision,fight
80,416,collision,boom
81,417,anger,angry
81,418,anger,mad
82,419,exclamation,heavy_exclamation_mark
82,420,exclamation,danger
82,421,exclamation,surprise
82,422,exclamation,punctuation
82,423,exclamation,wow
82,424,exclamation,warning
83,425,question,doubt
83,426,question,confused
84,427,grey_exclamation,surprise
84,428,grey_exclamation,punctuation
84,429,grey_exclamation,gray
84,430,grey_exclamation,wow
84,431,grey_exclamation,warning
85,432,grey_question,doubts
85,433,grey_question,gray
85,434,grey_question,huh
86,435,zzz,sleep
86,436,zzz,bored
86,437,zzz,sleepy
86,438,zzz,tired
87,439,dash,wind
87,440,dash,air
87,441,dash,fast
87,442,dash,shoo
87,443,dash,fart
87,444,dash,smoke
87,445,dash,puff
88,446,sweat_drops,water
88,447,sweat_drops,drip
88,448,sweat_drops,oops
89,449,notes,music
89,450,notes,score
90,451,musical_note,music
90,452,musical_note,score
90,453,musical_note,tone
90,454,musical_note,sound
91,455,fire,hot
91,456,fire,cook
91,457,fire,flame
92,458,hankey,poop
92,459,hankey,shitface
92,460,hankey,fail
92,461,hankey,turd
93,462,poop,shit
93,463,poop,turd
94,464,shit,poop
95,465,1,thumbsup
95,466,1,yes
95,467,1,awesome
95,468,1,good
95,469,1,agree
95,470,1,accept
95,471,1,cool
95,472,1,hand
95,473,1,like
96,474,thumbsup,like
97,475,-1,thumbsdown
97,476,-1,no
97,477,-1,dislike
97,478,-1,hand
98,479,thumbsdown,dislike
99,480,ok_hand,fingers
99,481,ok_hand,limbs
99,482,ok_hand,perfect
100,483,punch,pound
101,484,facepunch,angry
101,485,facepunch,violence
101,486,facepunch,fist
101,487,facepunch,hit
101,488,facepunch,attack
101,489,facepunch,hand
102,490,fist,fingers
102,491,fist,hand
102,492,fist,grasp
103,493,v,peace
103,494,v,deuces
103,495,v,fingers
103,496,v,ohyeah
103,497,v,hand
103,498,v,victory
103,499,v,two
104,500,wave,hi
104,501,wave,hello
104,502,wave,bye
104,503,wave,hands
104,504,wave,gesture
104,505,wave,goodbye
104,506,wave,solong
104,507,wave,farewell
104,508,wave,palm
105,509,hand,stop
105,510,hand,fingers
105,511,hand,highfive
105,512,hand,palm
105,513,hand,ban
105,514,hand,raised_hand
106,515,raised_hand,stop
107,516,open_hands,fingers
107,517,open_hands,butterfly
108,518,point_up,hand
108,519,point_up,fingers
108,520,point_up,direction
109,521,point_down,fingers
109,522,point_down,hand
109,523,point_down,direction
110,524,point_left,direction
110,525,point_left,fingers
110,526,point_left,hand
111,527,point_right,fingers
111,528,point_right,hand
111,529,point_right,direction
112,530,raised_hands,gesture
112,531,raised_hands,hooray
112,532,raised_hands,yea
112,533,raised_hands,celebration
113,534,pray,please
113,535,pray,hope
113,536,pray,wish
113,537,pray,namaste
113,538,pray,highfive
114,539,point_up_2,fingers
114,540,point_up_2,hand
114,541,point_up_2,direction
115,542,clap,hands
115,543,clap,praise
115,544,clap,applause
115,545,clap,congrats
115,546,clap,yay
116,547,muscle,arm
116,548,muscle,flex
116,549,muscle,hand
116,550,muscle,summer
116,551,muscle,strong
117,552,metal,fingers
117,553,metal,rocknroll
117,554,metal,concert
117,555,metal,band
117,556,metal,custom_
118,557,fu,fuck
118,558,fu,finger
118,559,fu,dislike
118,560,fu,thumbsdown
118,561,fu,disapprove
118,562,fu,no
118,563,fu,custom_
119,564,runner,sport
119,565,runner,man
119,566,runner,walking
119,567,runner,exercise
119,568,runner,race
119,569,runner,running
120,570,running,sport
121,571,couple,pair
121,572,couple,people
121,573,couple,human
121,574,couple,love
121,575,couple,date
121,576,couple,dating
121,577,couple,like
121,578,couple,affection
121,579,couple,valentines
121,580,couple,marriage
122,581,family,home
122,582,family,parents
122,583,family,child
122,584,family,mom
122,585,family,dad
122,586,family,father
122,587,family,mother
122,588,family,people
122,589,family,human
123,590,two_men_holding_hands,gay
123,591,two_men_holding_hands,pair
123,592,two_men_holding_hands,couple
123,593,two_men_holding_hands,love
123,594,two_men_holding_hands,like
123,595,two_men_holding_hands,bromance
123,596,two_men_holding_hands,friendship
123,597,two_men_holding_hands,people
123,598,two_men_holding_hands,human
124,599,two_women_holding_hands,gay
124,600,two_women_holding_hands,pair
124,601,two_women_holding_hands,friendship
124,602,two_women_holding_hands,couple
124,603,two_women_holding_hands,love
124,604,two_women_holding_hands,like
124,605,two_women_holding_hands,female
124,606,two_women_holding_hands,people
124,607,two_women_holding_hands,human
124,608,two_women_holding_hands,lesbian
125,609,dancer,party
125,610,dancer,female
125,611,dancer,girl
125,612,dancer,woman
125,613,dancer,fun
126,614,dancers,party
126,615,dancers,female
126,616,dancers,bunny
126,617,dancers,women
126,618,dancers,girls
127,619,ok_woman,women
127,620,ok_woman,girl
127,621,ok_woman,female
127,622,ok_woman,pink
127,623,ok_woman,human
128,624,no_good,female
128,625,no_good,girl
128,626,no_good,woman
128,627,no_good,nope
129,628,information_desk_person,female
129,629,information_desk_person,girl
129,630,information_desk_person,woman
129,631,information_desk_person,human
130,632,raising_hand,female
130,633,raising_hand,girl
130,634,raising_hand,woman
131,635,bride_with_veil,couple
131,636,bride_with_veil,marriage
131,637,bride_with_veil,wedding
132,638,person_with_pouting_face,female
132,639,person_with_pouting_face,girl
132,640,person_with_pouting_face,woman
133,641,person_frowning,female
133,642,person_frowning,girl
133,643,person_frowning,woman
133,644,person_frowning,sad
133,645,person_frowning,depressed
133,646,person_frowning,discouraged
133,647,person_frowning,unhappy
134,648,bow,man
134,649,bow,male
134,650,bow,boy
135,651,couplekiss,pair
135,652,couplekiss,valentines
135,653,couplekiss,love
135,654,couplekiss,like
135,655,couplekiss,dating
135,656,couplekiss,marriage
136,657,couple_with_heart,heart
136,658,couple_with_heart,pair
136,659,couple_with_heart,love
136,660,couple_with_heart,like
136,661,couple_with_heart,affection
136,662,couple_with_heart,human
136,663,couple_with_heart,dating
136,664,couple_with_heart,valentines
136,665,couple_with_heart,marriage
137,666,massage,female
137,667,massage,girl
137,668,massage,woman
137,669,massage,head
138,670,haircut,female
138,671,haircut,girl
138,672,haircut,woman
139,673,nail_care,manicure
139,674,nail_care,beauty
139,675,nail_care,finger
139,676,nail_care,fashion
140,677,boy,man
140,678,boy,male
140,679,boy,guy
140,680,boy,teenager
141,681,girl,female
141,682,girl,woman
141,683,girl,teenager
142,684,woman,female
142,685,woman,girls
142,686,woman,lady
143,687,man,guy
143,688,man,mustache
143,689,man,father
143,690,man,dad
143,691,man,classy
143,692,man,sir
143,693,man,moustache
144,694,baby,infant
144,695,baby,child
144,696,baby,boy
144,697,baby,girl
144,698,baby,toddler
145,699,older_woman,grandma
145,700,older_woman,granny
145,701,older_woman,female
145,702,older_woman,women
145,703,older_woman,girl
145,704,older_woman,lady
146,705,older_man,grandpa
146,706,older_man,grandad
146,707,older_man,human
146,708,older_man,male
146,709,older_man,men
147,710,person_with_blond_hair,man
147,711,person_with_blond_hair,male
147,712,person_with_blond_hair,boy
147,713,person_with_blond_hair,blonde
147,714,person_with_blond_hair,guy
148,715,man_with_gua_pi_mao,male
148,716,man_with_gua_pi_mao,boy
149,717,man_with_turban,male
149,718,man_with_turban,indian
149,719,man_with_turban,hinduism
149,720,man_with_turban,arabs
150,721,construction_worker,male
150,722,construction_worker,human
150,723,construction_worker,wip
150,724,construction_worker,guy
150,725,construction_worker,build
151,726,cop,police
151,727,cop,policeman
151,728,cop,man
151,729,cop,law
151,730,cop,legal
151,731,cop,enforcement
151,732,cop,arrest
151,733,cop,911
152,734,angel,heaven
152,735,angel,wings
152,736,angel,halo
153,737,princess,girl
153,738,princess,woman
153,739,princess,female
153,740,princess,blond
153,741,princess,crown
153,742,princess,royal
153,743,princess,queen
154,744,smiley_cat,animal
154,745,smiley_cat,happy
154,746,smiley_cat,cats
155,747,smile_cat,animal
155,748,smile_cat,happy
155,749,smile_cat,cats
156,750,heart_eyes_cat,heart
156,751,heart_eyes_cat,animal
156,752,heart_eyes_cat,love
156,753,heart_eyes_cat,like
156,754,heart_eyes_cat,affection
156,755,heart_eyes_cat,cats
156,756,heart_eyes_cat,valentines
157,757,kissing_cat,animal
157,758,kissing_cat,love
157,759,kissing_cat,cats
158,760,smirk_cat,animal
158,761,smirk_cat,cats
159,762,scream_cat,animal
159,763,scream_cat,cats
159,764,scream_cat,munch
159,765,scream_cat,scared
160,766,crying_cat_face,animal
160,767,crying_cat_face,sad
160,768,crying_cat_face,tears
160,769,crying_cat_face,weep
160,770,crying_cat_face,cats
160,771,crying_cat_face,upset
161,772,joy_cat,animal
161,773,joy_cat,happy
161,774,joy_cat,cats
161,775,joy_cat,haha
161,776,joy_cat,tears
162,777,pouting_cat,animal
162,778,pouting_cat,sad
162,779,pouting_cat,unhappy
162,780,pouting_cat,angry
162,781,pouting_cat,cats
163,782,japanese_ogre,namahage
163,783,japanese_ogre,monster
163,784,japanese_ogre,red
163,785,japanese_ogre,mask
163,786,japanese_ogre,halloween
163,787,japanese_ogre,scary
163,788,japanese_ogre,creepy
163,789,japanese_ogre,devil
163,790,japanese_ogre,demon
164,791,japanese_goblin,tengu
164,792,japanese_goblin,red
164,793,japanese_goblin,evil
164,794,japanese_goblin,mask
164,795,japanese_goblin,monster
164,796,japanese_goblin,scary
164,797,japanese_goblin,creepy
165,798,see_no_evil,monkey
165,799,see_no_evil,animal
165,800,see_no_evil,nature
165,801,see_no_evil,haha
166,802,hear_no_evil,animal
166,803,hear_no_evil,monkey
166,804,hear_no_evil,nature
167,805,speak_no_evil,monkey
167,806,speak_no_evil,animal
167,807,speak_no_evil,nature
167,808,speak_no_evil,omg
168,809,guardsman,uk
168,810,guardsman,gb
168,811,guardsman,british
168,812,guardsman,male
168,813,guardsman,guy
168,814,guardsman,royal
169,815,skull,scary
169,816,skull,halloween
169,817,skull,dead
169,818,skull,skeleton
169,819,skull,creepy
170,820,feet,animal
170,821,feet,tracking
170,822,feet,footprints
170,823,feet,dog
170,824,feet,cat
170,825,feet,pet
170,826,feet,paw_prints
171,827,lips,mouth
171,828,lips,kiss
172,829,kiss,face
172,830,kiss,lips
172,831,kiss,love
172,832,kiss,like
172,833,kiss,affection
172,834,kiss,valentines
173,835,droplet,water
173,836,droplet,drip
173,837,droplet,faucet
173,838,droplet,spring
174,839,ear,face
174,840,ear,hear
174,841,ear,sound
174,842,ear,listen
175,843,eyes,eye-rolling
175,844,eyes,look
175,845,eyes,watch
175,846,eyes,stalk
175,847,eyes,peek
175,848,eyes,see
176,849,nose,smell
176,850,nose,sniff
177,851,tongue,mouth
177,852,tongue,playful
178,853,love_letter,email
178,854,love_letter,like
178,855,love_letter,affection
178,856,love_letter,envelope
178,857,love_letter,valentines
179,858,bust_in_silhouette,user
179,859,bust_in_silhouette,person
179,860,bust_in_silhouette,human
180,861,busts_in_silhouette,user
180,862,busts_in_silhouette,person
180,863,busts_in_silhouette,human
180,864,busts_in_silhouette,group
180,865,busts_in_silhouette,team
181,866,speech_balloon,bubble
181,867,speech_balloon,words
181,868,speech_balloon,message
181,869,speech_balloon,talk
181,870,speech_balloon,chatting
182,871,thought_balloon,bubble
182,872,thought_balloon,cloud
182,873,thought_balloon,speech
182,874,thought_balloon,thinking
183,875,feelsgood,doom
183,876,feelsgood,oldschool
184,877,finnadie,doom
184,878,finnadie,oldschool
185,879,goberserk,doom
185,880,goberserk,rage
185,881,goberserk,bloody
185,882,goberserk,hurt
186,883,godmode,doom
186,884,godmode,oldschool
187,885,hurtrealbad,mad
187,886,hurtrealbad,injured
187,887,hurtrealbad,doom
187,888,hurtrealbad,oldschool
187,889,hurtrealbad,custom_
188,890,rage1,angry
188,891,rage1,mad
188,892,rage1,hate
188,893,rage1,despise
189,894,rage2,angry
189,895,rage2,mad
189,896,rage2,hate
189,897,rage2,despise
190,898,rage3,angry
190,899,rage3,mad
190,900,rage3,hate
190,901,rage3,despise
191,902,rage4,angry
191,903,rage4,mad
191,904,rage4,hate
191,905,rage4,despise
192,906,suspect,mad
192,907,suspect,custom_
193,908,trollface,internet
193,909,trollface,meme
193,910,trollface,custom_
194,911,sunny,weather
194,912,sunny,sun
194,913,sunny,nature
194,914,sunny,brightness
194,915,sunny,summer
194,916,sunny,beach
194,917,sunny,spring
195,918,umbrella,water
195,919,umbrella,rain
195,920,umbrella,rainy
195,921,umbrella,weather
195,922,umbrella,spring
196,923,cloud,weather
196,924,cloud,sky
197,925,snowflake,winter
197,926,snowflake,season
197,927,snowflake,cold
197,928,snowflake,weather
197,929,snowflake,christmas
197,930,snowflake,xmas
198,931,snowman,winter
198,932,snowman,season
198,933,snowman,cold
198,934,snowman,weather
198,935,snowman,christmas
198,936,snowman,xmas
198,937,snowman,frozen
199,938,zap,weather
199,939,zap,lightning
199,940,zap,thunder
199,941,zap,lightning bolt
199,942,zap,fast
200,943,cyclone,weather
200,944,cyclone,swirl
200,945,cyclone,blue
200,946,cyclone,cloud
201,947,foggy,weather
201,948,foggy,fog
201,949,foggy,photo
201,950,foggy,mountain
202,951,ocean,waves
202,952,ocean,sea
202,953,ocean,water
202,954,ocean,wave
202,955,ocean,nature
202,956,ocean,tsunami
202,957,ocean,disaster
203,958,cat,animal
203,959,cat,meow
203,960,cat,nature
203,961,cat,pet
204,962,dog,animal
204,963,dog,friend
204,964,dog,nature
204,965,dog,woof
204,966,dog,puppy
204,967,dog,pet
204,968,dog,faithful
205,969,mouse,animal
205,970,mouse,nature
205,971,mouse,cheese
206,972,hamster,animal
206,973,hamster,nature
207,974,rabbit,animal
207,975,rabbit,nature
207,976,rabbit,pet
207,977,rabbit,spring
207,978,rabbit,magic
208,979,wolf,animal
208,980,wolf,dog
208,981,wolf,animal
208,982,wolf,nature
208,983,wolf,wild
208,984,wolf,audrey
208,985,wolf,lulu
208,986,wolf,audrey and lulu
209,987,frog,animal
209,988,frog,nature
209,989,frog,croak
210,990,tiger,animal
210,991,tiger,cat
210,992,tiger,danger
210,993,tiger,wild
210,994,tiger,nature
210,995,tiger,roar
211,996,koala,animal
211,997,koala,nature
212,998,bear,animal
212,999,bear,nature
212,1000,bear,wild
213,1001,pig,animal
213,1002,pig,oink
213,1003,pig,nature
214,1004,pig_nose,animal
214,1005,pig_nose,oink
215,1006,cow,animal
215,1007,cow,beef
215,1008,cow,ox
215,1009,cow,nature
215,1010,cow,moo
215,1011,cow,milk
216,1012,boar,animal
216,1013,boar,nature
217,1014,monkey_face,animal
217,1015,monkey_face,nature
217,1016,monkey_face,circus
217,1017,monkey_face,ape
218,1018,monkey,animal
218,1019,monkey,nature
218,1020,monkey,banana
218,1021,monkey,circus
218,1022,monkey,ape
219,1023,horse,animal
219,1024,horse,brown
219,1025,horse,nature
219,1026,horse,unicorn
220,1027,racehorse,animal
220,1028,racehorse,gamble
220,1029,racehorse,luck
221,1030,camel,animal
221,1031,camel,nature
221,1032,camel,hot
221,1033,camel,desert
221,1034,camel,hump
222,1035,sheep,animal
222,1036,sheep,nature
222,1037,sheep,wool
222,1038,sheep,shipit
223,1039,elephant,animal
223,1040,elephant,nature
223,1041,elephant,nose
223,1042,elephant,thailand
223,1043,elephant,circus
224,1044,panda_face,animal
224,1045,panda_face,nature
225,1046,snake,animal
225,1047,snake,serpent
225,1048,snake,animal
225,1049,snake,evil
225,1050,snake,nature
225,1051,snake,hiss
226,1052,bird,animal
226,1053,bird,nature
226,1054,bird,fly
226,1055,bird,tweet
226,1056,bird,spring
227,1057,baby_chick,animal
227,1058,baby_chick,bird
227,1059,baby_chick,chicken
228,1060,hatched_chick,animal
228,1061,hatched_chick,bird
228,1062,hatched_chick,chicken
228,1063,hatched_chick,baby
229,1064,hatching_chick,animal
229,1065,hatching_chick,bird
229,1066,hatching_chick,egg
229,1067,hatching_chick,chicken
229,1068,hatching_chick,egg
229,1069,hatching_chick,born
229,1070,hatching_chick,baby
229,1071,hatching_chick,bird
230,1072,chicken,animal
230,1073,chicken,bird
230,1074,chicken,cluck
230,1075,chicken,nature
231,1076,penguin,animal
231,1077,penguin,bird
231,1078,penguin,nature
232,1079,turtle,animal
232,1080,turtle,tortoise
232,1081,turtle,slow
232,1082,turtle,nature
233,1083,bug,animal
233,1084,bug,insect
233,1085,bug,nature
233,1086,bug,worm
234,1087,honeybee,animal
235,1088,ant,animal
235,1089,ant,insect
235,1090,ant,nature
235,1091,ant,bug
236,1092,beetle,animal
236,1093,beetle,insect
236,1094,beetle,nature
236,1095,beetle,bug
237,1096,snail,animal
237,1097,snail,slow
237,1098,snail,shell
238,1099,octopus,animal
238,1100,octopus,creature
238,1101,octopus,ocean
238,1102,octopus,sea
238,1103,octopus,nature
238,1104,octopus,beach
239,1105,tropical_fish,animal
239,1106,tropical_fish,swim
239,1107,tropical_fish,ocean
239,1108,tropical_fish,beach
239,1109,tropical_fish,nemo
240,1110,fish,animal
240,1111,fish,food
240,1112,fish,nature
241,1113,whale,animal
241,1114,whale,nature
241,1115,whale,sea
241,1116,whale,ocean
242,1117,whale2,animal
242,1118,whale2,nature
242,1119,whale2,sea
242,1120,whale2,ocean
243,1121,dolphin,animal
243,1122,dolphin,nature
243,1123,dolphin,fish
243,1124,dolphin,sea
243,1125,dolphin,ocean
243,1126,dolphin,flipper
243,1127,dolphin,fins
243,1128,dolphin,beach
244,1129,cow2,animal
244,1130,cow2,beef
244,1131,cow2,ox
244,1132,cow2,nature
244,1133,cow2,moo
244,1134,cow2,milk
245,1135,ram,animal
245,1136,ram,sheep
245,1137,ram,nature
246,1138,rat,animal
246,1139,rat,mouse
246,1140,rat,rodent
247,1141,water_buffalo,animal
247,1142,water_buffalo,nature
247,1143,water_buffalo,ox
247,1144,water_buffalo,cow
248,1145,tiger2,animal
248,1146,tiger2,nature
248,1147,tiger2,roar
249,1148,rabbit2,animal
249,1149,rabbit2,bunny
249,1150,rabbit2,nature
249,1151,rabbit2,pet
249,1152,rabbit2,magic
249,1153,rabbit2,spring
250,1154,dragon,animal
250,1155,dragon,myth
250,1156,dragon,nature
250,1157,dragon,chinese
250,1158,dragon,green
251,1159,goat,animal
251,1160,goat,nature
252,1161,rooster,animal
252,1162,rooster,chicken
252,1163,rooster,nature
253,1164,dog2,animal
253,1165,dog2,nature
253,1166,dog2,friend
253,1167,dog2,doge
253,1168,dog2,pet
253,1169,dog2,faithful
254,1170,pig2,animal
254,1171,pig2,nature
255,1172,mouse2,animal
255,1173,mouse2,nature
255,1174,mouse2,rodent
256,1175,ox,animal
256,1176,ox,cow
256,1177,ox,beef
257,1178,dragon_face,animal
257,1179,dragon_face,myth
257,1180,dragon_face,nature
257,1181,dragon_face,chinese
257,1182,dragon_face,green
258,1183,blowfish,animal
258,1184,blowfish,nature
258,1185,blowfish,food
258,1186,blowfish,sea
258,1187,blowfish,ocean
259,1188,crocodile,animal
259,1189,crocodile,alligator
259,1190,crocodile,nature
259,1191,crocodile,reptile
260,1192,dromedary_camel,animal
260,1193,dromedary_camel,hot
260,1194,dromedary_camel,desert
260,1195,dromedary_camel,hump
261,1196,leopard,animal
261,1197,leopard,nature
262,1198,cat2,animal
262,1199,cat2,kitty
262,1200,cat2,kitten
262,1201,cat2,meow
262,1202,cat2,pet
262,1203,cat2,cats
263,1204,poodle,animal
263,1205,poodle,dog
263,1206,poodle,101
263,1207,poodle,nature
263,1208,poodle,pet
264,1209,paw_prints,animal
265,1210,bouquet,flowers
265,1211,bouquet,nature
265,1212,bouquet,spring
266,1213,cherry_blossom,floral
266,1214,cherry_blossom,nature
266,1215,cherry_blossom,plant
266,1216,cherry_blossom,spring
266,1217,cherry_blossom,flower
267,1218,tulip,floral
267,1219,tulip,flowers
267,1220,tulip,plant
267,1221,tulip,nature
267,1222,tulip,summer
267,1223,tulip,spring
268,1224,four_leaf_clover,vegetable
268,1225,four_leaf_clover,plant
268,1226,four_leaf_clover,nature
268,1227,four_leaf_clover,lucky
269,1228,rose,floral
269,1229,rose,flowers
269,1230,rose,valentines
269,1231,rose,love
269,1232,rose,spring
270,1233,sunflower,floral
270,1234,sunflower,nature
270,1235,sunflower,plant
270,1236,sunflower,fall
271,1237,hibiscus,floral
271,1238,hibiscus,plant
271,1239,hibiscus,vegetable
271,1240,hibiscus,flowers
271,1241,hibiscus,beach
272,1242,maple_leaf,nature
272,1243,maple_leaf,plant
272,1244,maple_leaf,vegetable
272,1245,maple_leaf,canada
272,1246,maple_leaf,fall
273,1247,leaves,nature
273,1248,leaves,plant
273,1249,leaves,tree
273,1250,leaves,vegetable
273,1251,leaves,grass
273,1252,leaves,lawn
273,1253,leaves,spring
274,1254,fallen_leaf,nature
274,1255,fallen_leaf,plant
274,1256,fallen_leaf,vegetable
274,1257,fallen_leaf,leaves
275,1258,herb,vegetable
275,1259,herb,plant
275,1260,herb,medicine
275,1261,herb,weed
275,1262,herb,grass
275,1263,herb,lawn
276,1264,mushroom,plant
276,1265,mushroom,vegetable
277,1266,cactus,vegetable
277,1267,cactus,plant
277,1268,cactus,nature
278,1269,palm_tree,plant
278,1270,palm_tree,vegetable
278,1271,palm_tree,nature
278,1272,palm_tree,summer
278,1273,palm_tree,beach
279,1274,evergreen_tree,plant
279,1275,evergreen_tree,nature
280,1276,deciduous_tree,plant
280,1277,deciduous_tree,nature
281,1278,chestnut,food
281,1279,chestnut,squirrel
282,1280,seedling,plant
282,1281,seedling,nature
282,1282,seedling,grass
282,1283,seedling,lawn
282,1284,seedling,spring
283,1285,blossom,nature
283,1286,blossom,flowers
283,1287,blossom,yellow
284,1288,ear_of_rice,nature
284,1289,ear_of_rice,plant
285,1290,shell,nature
285,1291,shell,sea
285,1292,shell,beach
286,1293,globe_with_meridians,earth
286,1294,globe_with_meridians,international
286,1295,globe_with_meridians,world
286,1296,globe_with_meridians,internet
286,1297,globe_with_meridians,interweb
286,1298,globe_with_meridians,i18n
287,1299,sun_with_face,nature
287,1300,sun_with_face,morning
287,1301,sun_with_face,sky
288,1302,full_moon_with_face,nature
288,1303,full_moon_with_face,twilight
288,1304,full_moon_with_face,planet
288,1305,full_moon_with_face,space
288,1306,full_moon_with_face,night
288,1307,full_moon_with_face,evening
288,1308,full_moon_with_face,sleep
289,1309,new_moon_with_face,nature
289,1310,new_moon_with_face,twilight
289,1311,new_moon_with_face,planet
289,1312,new_moon_with_face,space
289,1313,new_moon_with_face,night
289,1314,new_moon_with_face,evening
289,1315,new_moon_with_face,sleep
290,1316,new_moon,nature
290,1317,new_moon,twilight
290,1318,new_moon,planet
290,1319,new_moon,space
290,1320,new_moon,night
290,1321,new_moon,evening
290,1322,new_moon,sleep
291,1323,waxing_crescent_moon,nature
291,1324,waxing_crescent_moon,twilight
291,1325,waxing_crescent_moon,planet
291,1326,waxing_crescent_moon,space
291,1327,waxing_crescent_moon,night
291,1328,waxing_crescent_moon,evening
291,1329,waxing_crescent_moon,sleep
292,1330,first_quarter_moon,nature
292,1331,first_quarter_moon,twilight
292,1332,first_quarter_moon,planet
292,1333,first_quarter_moon,space
292,1334,first_quarter_moon,night
292,1335,first_quarter_moon,evening
292,1336,first_quarter_moon,sleep
293,1337,waxing_gibbous_moon,N.A
294,1338,full_moon,nature
294,1339,full_moon,yellow
294,1340,full_moon,twilight
294,1341,full_moon,planet
294,1342,full_moon,space
294,1343,full_moon,night
294,1344,full_moon,evening
294,1345,full_moon,sleep
295,1346,waning_gibbous_moon,nature
295,1347,waning_gibbous_moon,twilight
295,1348,waning_gibbous_moon,planet
295,1349,waning_gibbous_moon,space
295,1350,waning_gibbous_moon,night
295,1351,waning_gibbous_moon,evening
295,1352,waning_gibbous_moon,sleep
295,1353,waning_gibbous_moon,waxing_gibbous_moon
296,1354,last_quarter_moon,nature
296,1355,last_quarter_moon,twilight
296,1356,last_quarter_moon,planet
296,1357,last_quarter_moon,space
296,1358,last_quarter_moon,night
296,1359,last_quarter_moon,evening
296,1360,last_quarter_moon,sleep
297,1361,waning_crescent_moon,nature
297,1362,waning_crescent_moon,twilight
297,1363,waning_crescent_moon,planet
297,1364,waning_crescent_moon,space
297,1365,waning_crescent_moon,night
297,1366,waning_crescent_moon,evening
297,1367,waning_crescent_moon,sleep
298,1368,last_quarter_moon_with_face,nature
298,1369,last_quarter_moon_with_face,twilight
298,1370,last_quarter_moon_with_face,planet
298,1371,last_quarter_moon_with_face,space
298,1372,last_quarter_moon_with_face,night
298,1373,last_quarter_moon_with_face,evening
298,1374,last_quarter_moon_with_face,sleep
299,1375,first_quarter_moon_with_face,nature
299,1376,first_quarter_moon_with_face,twilight
299,1377,first_quarter_moon_with_face,planet
299,1378,first_quarter_moon_with_face,space
299,1379,first_quarter_moon_with_face,night
299,1380,first_quarter_moon_with_face,evening
299,1381,first_quarter_moon_with_face,sleep
300,1382,crescent_moon,night
300,1383,crescent_moon,sleep
300,1384,crescent_moon,sky
300,1385,crescent_moon,evening
300,1386,crescent_moon,magic
301,1387,earth_africa,europe
301,1388,earth_africa,emea
301,1389,earth_africa,globe
301,1390,earth_africa,world
301,1391,earth_africa,international
302,1392,earth_americas,globe
302,1393,earth_americas,world
302,1394,earth_americas,USA
302,1395,earth_americas,international
303,1396,earth_asia,globe
303,1397,earth_asia,world
303,1398,earth_asia,east
303,1399,earth_asia,international
304,1400,volcano,photo
304,1401,volcano,nature
304,1402,volcano,disaster
305,1403,milky_way,photo
305,1404,milky_way,space
305,1405,milky_way,stars
306,1406,partly_sunny,weather
306,1407,partly_sunny,nature
306,1408,partly_sunny,cloudy
306,1409,partly_sunny,morning
306,1410,partly_sunny,fall
306,1411,partly_sunny,spring
307,1412,octocat,github
307,1413,octocat,animal
307,1414,octocat,octopus
307,1415,octocat,custom_
308,1416,squirrel,animal
309,1417,bamboo,plant
309,1418,bamboo,nature
309,1419,bamboo,vegetable
309,1420,bamboo,panda
310,1421,gift_heart,heart
310,1422,gift_heart,love
310,1423,gift_heart,valentines
311,1424,dolls,japanese
311,1425,dolls,toy
311,1426,dolls,kimono
312,1427,school_satchel,student
312,1428,school_satchel,education
312,1429,school_satchel,bag
313,1430,mortar_board,edu
313,1431,mortar_board,university
313,1432,mortar_board,school
313,1433,mortar_board,college
313,1434,mortar_board,degree
313,1435,mortar_board,graduation
313,1436,mortar_board,cap
313,1437,mortar_board,hat
313,1438,mortar_board,legal
313,1439,mortar_board,learn
313,1440,mortar_board,education
314,1441,flags,fish
314,1442,flags,japanese
314,1443,flags,koinobori
314,1444,flags,carp
314,1445,flags,banner
315,1446,fireworks,photo
315,1447,fireworks,festival
315,1448,fireworks,carnival
315,1449,fireworks,congratulations
316,1450,sparkler,stars
316,1451,sparkler,night
316,1452,sparkler,shine
317,1453,wind_chime,nature
317,1454,wind_chime,ding
317,1455,wind_chime,spring
317,1456,wind_chime,bell
318,1457,rice_scene,photo
318,1458,rice_scene,japan
318,1459,rice_scene,asia
318,1460,rice_scene,tsukimi
319,1461,jack_o_lantern,halloween
319,1462,jack_o_lantern,light
319,1463,jack_o_lantern,pumpkin
319,1464,jack_o_lantern,creepy
319,1465,jack_o_lantern,fall
320,1466,ghost,boom
320,1467,ghost,halloween
320,1468,ghost,spooky
320,1469,ghost,scary
321,1470,santa,christmas
321,1471,santa,festival
321,1472,santa,man
321,1473,santa,male
321,1474,santa,xmas
321,1475,santa,father christmas
322,1476,christmas_tree,festival
322,1477,christmas_tree,vacation
322,1478,christmas_tree,december
322,1479,christmas_tree,xmas
322,1480,christmas_tree,celebration
323,1481,gift,present
323,1482,gift,birthday
323,1483,gift,christmas
323,1484,gift,xmas
324,1485,bell,sound
324,1486,bell,notification
324,1487,bell,christmas
324,1488,bell,xmas
324,1489,bell,chime
325,1490,no_bell,sound
325,1491,no_bell,volume
325,1492,no_bell,mute
325,1493,no_bell,quiet
325,1494,no_bell,silent
326,1495,tanabata_tree,plant
326,1496,tanabata_tree,nature
326,1497,tanabata_tree,branch
326,1498,tanabata_tree,summer
327,1499,tada,party
327,1500,tada,contulations
327,1501,tada,birthday
327,1502,tada,magic
327,1503,tada,circus
328,1504,confetti_ball,celebration
328,1505,confetti_ball,festival
328,1506,confetti_ball,party
328,1507,confetti_ball,birthday
328,1508,confetti_ball,circus
329,1509,balloon,party
329,1510,balloon,celebration
329,1511,balloon,birthday
329,1512,balloon,circus
330,1513,crystal_ball,disco
330,1514,crystal_ball,party
330,1515,crystal_ball,magic
330,1516,crystal_ball,circus
330,1517,crystal_ball,fortune_teller
331,1518,cd,technology
331,1519,cd,dvd
331,1520,cd,disk
331,1521,cd,disc
331,1522,cd,90s
332,1523,dvd,cd
332,1524,dvd,disk
332,1525,dvd,disc
333,1526,floppy_disk,oldschool
333,1527,floppy_disk,technology
333,1528,floppy_disk,save
333,1529,floppy_disk,90s
333,1530,floppy_disk,80s
334,1531,camera,gadgets
334,1532,camera,photo
335,1533,video_camera,film
335,1534,video_camera,record
336,1535,movie_camera,film
336,1536,movie_camera,record
337,1537,computer,tech
337,1538,computer,laptop
337,1539,computer,screen
337,1540,computer,display
337,1541,computer,monitor
338,1542,tv,television
338,1543,tv,technology
338,1544,tv,program
338,1545,tv,oldschool
338,1546,tv,show
339,1547,iphone,technology
339,1548,iphone,apple
339,1549,iphone,gadgets
339,1550,iphone,dial
340,1551,phone,technology
340,1552,phone,communication
340,1553,phone,dial
340,1554,phone,telephone
341,1555,telephone,calling
342,1556,telephone_receiver,technology
342,1557,telephone_receiver,communication
342,1558,telephone_receiver,dial
343,1559,pager,bbcall
343,1560,pager,oldschool
343,1561,pager,90s
344,1562,fax,communication
344,1563,fax,technology
345,1564,minidisc,technology
345,1565,minidisc,record
345,1566,minidisc,data
345,1567,minidisc,disk
345,1568,minidisc,90s
346,1569,vhs,record
346,1570,vhs,video
346,1571,vhs,oldschool
346,1572,vhs,90s
346,1573,vhs,80s
347,1574,sound,loud
347,1575,sound,noise
347,1576,sound,volume
347,1577,sound,speaker
347,1578,sound,broadcast
348,1579,speaker,sound
348,1580,speaker,volume
348,1581,speaker,silence
348,1582,speaker,broadcast
349,1583,mute,sound
349,1584,mute,volume
349,1585,mute,silence
349,1586,mute,quiet
350,1587,loudspeaker,volume
350,1588,loudspeaker,sound
351,1589,mega,sound
351,1590,mega,speaker
351,1591,mega,volume
352,1592,hourglass,time
352,1593,hourglass,clock
352,1594,hourglass,oldschool
352,1595,hourglass,limit
352,1596,hourglass,exam
352,1597,hourglass,quiz
352,1598,hourglass,test
353,1599,hourglass_flowing_sand,oldschool
353,1600,hourglass_flowing_sand,time
353,1601,hourglass_flowing_sand,countdown
354,1602,alarm_clock,time
354,1603,alarm_clock,wake
355,1604,watch,clock
355,1605,watch,time
355,1606,watch,accessories
356,1607,radio,communication
356,1608,radio,music
356,1609,radio,podcast
356,1610,radio,program
357,1611,satellite,communication
357,1612,satellite,future
357,1613,satellite,radio
357,1614,satellite,space
358,1615,loop,tape
358,1616,loop,cassette
359,1617,mag,magnifying
359,1618,mag,glass
359,1619,mag,search
359,1620,mag,zoom
359,1621,mag,find
359,1622,mag,detective
360,1623,mag_right,magnifying
360,1624,mag_right,glass
360,1625,mag_right,search
360,1626,mag_right,zoom
360,1627,mag_right,find
360,1628,mag_right,detective
361,1629,unlock,privacy
361,1630,unlock,security
362,1631,lock,security
362,1632,lock,password
362,1633,lock,padlock
363,1634,lock_with_ink_pen,security
363,1635,lock_with_ink_pen,secret
364,1636,closed_lock_with_key,security
364,1637,closed_lock_with_key,privacy
365,1638,key,lock
365,1639,key,door
365,1640,key,password
366,1641,bulb,light
366,1642,bulb,electricity
366,1643,bulb,idea
367,1644,flashlight,dark
367,1645,flashlight,camping
367,1646,flashlight,sight
367,1647,flashlight,night
368,1648,high_brightness,sun
368,1649,high_brightness,light
369,1650,low_brightness,sun
369,1651,low_brightness,afternoon
369,1652,low_brightness,warm
369,1653,low_brightness,summer
370,1654,electric_plug,charger
370,1655,electric_plug,power
371,1656,battery,power
371,1657,battery,energy
371,1658,battery,sustain
372,1659,calling,iphone
372,1660,calling,incoming
373,1661,email,envelope
373,1662,email,letter
373,1663,email,postal
373,1664,email,inbox
373,1665,email,communication
374,1666,mailbox,email
374,1667,mailbox,inbox
374,1668,mailbox,communication
375,1669,postbox,email
375,1670,postbox,letter
375,1671,postbox,envelope
376,1672,bath,clean
376,1673,bath,shower
376,1674,bath,bathroom
377,1675,bathtub,clean
377,1676,bathtub,shower
377,1677,bathtub,bathroom
378,1678,shower,water
378,1679,shower,clean
378,1680,shower,bathroom
379,1681,toilet,restroom
379,1682,toilet,wc
379,1683,toilet,washroom
379,1684,toilet,bathroom
379,1685,toilet,potty
380,1686,wrench,tools
380,1687,wrench,diy
380,1688,wrench,ikea
380,1689,wrench,fix
380,1690,wrench,maintainer
381,1691,nut_and_bolt,tools
381,1692,nut_and_bolt,handy
381,1693,nut_and_bolt,fix
382,1694,hammer,tools
382,1695,hammer,verdict
382,1696,hammer,judge
382,1697,hammer,done
382,1698,hammer,law
382,1699,hammer,legal
382,1700,hammer,ruling
382,1701,hammer,gavel
383,1702,seat,sit
383,1703,seat,airplane
383,1704,seat,transport
383,1705,seat,bus
383,1706,seat,flight
383,1707,seat,fly
384,1708,moneybag,dollar
384,1709,moneybag,payment
384,1710,moneybag,coins
384,1711,moneybag,sale
385,1712,yen,bill cash currency money
385,1713,yen,money
385,1714,yen,sales
385,1715,yen,japanese
385,1716,yen,dollar
385,1717,yen,currency
386,1718,dollar,bill cash currency money
386,1719,dollar,money
386,1720,dollar,sales
386,1721,dollar,bill
386,1722,dollar,currency
387,1723,pound,bill cash currency money
387,1724,pound,british
387,1725,pound,sterling
387,1726,pound,money
387,1727,pound,sales
387,1728,pound,bills
387,1729,pound,uk
387,1730,pound,england
387,1731,pound,currency
388,1732,euro,bill cash currency money
388,1733,euro,money
388,1734,euro,sales
388,1735,euro,dollar
388,1736,euro,currency
389,1737,credit_card,money
389,1738,credit_card,sales
389,1739,credit_card,dollar
389,1740,credit_card,bill
389,1741,credit_card,payment
389,1742,credit_card,shopping
390,1743,money_with_wings,money
390,1744,money_with_wings,dollar
390,1745,money_with_wings,bills
390,1746,money_with_wings,payment
390,1747,money_with_wings,sale
391,1748,e-mail,mail
391,1749,e-mail,send
391,1750,e-mail,communication
391,1751,e-mail,inbox
391,1752,e-mail,email
392,1753,inbox_tray,email
392,1754,inbox_tray,documents
393,1755,outbox_tray,inbox
393,1756,outbox_tray,email
394,1757,envelope,message
395,1758,incoming_envelope,email
395,1759,incoming_envelope,inbox
396,1760,postal_horn,instrument
396,1761,postal_horn,music
397,1762,mailbox_closed,email
397,1763,mailbox_closed,communication
397,1764,mailbox_closed,inbox
398,1765,mailbox_with_mail,email
398,1766,mailbox_with_mail,inbox
398,1767,mailbox_with_mail,communication
399,1768,mailbox_with_no_mail,email
399,1769,mailbox_with_no_mail,inbox
400,1770,package,box
400,1771,package,mail
400,1772,package,gift
400,1773,package,cardboard
400,1774,package,moving
401,1775,door,house
401,1776,door,entry
401,1777,door,exit
402,1778,smoking,smoke
402,1779,smoking,kills
402,1780,smoking,tobacco
402,1781,smoking,cigarette
402,1782,smoking,joint
403,1783,bomb,boom
403,1784,bomb,explode
403,1785,bomb,explosion
403,1786,bomb,terrorism
404,1787,gun,violence
404,1788,gun,weapon
404,1789,gun,pistol
404,1790,gun,revolver
405,1791,hocho,knife
405,1792,hocho,blade
405,1793,hocho,cutlery
405,1794,hocho,kitchen
405,1795,hocho,weapon
406,1796,pill,health
406,1797,pill,medicine
406,1798,pill,doctor
406,1799,pill,pharmacy
406,1800,pill,drug
407,1801,syringe,health
407,1802,syringe,hospital
407,1803,syringe,drugs
407,1804,syringe,blood
407,1805,syringe,medicine
407,1806,syringe,needle
407,1807,syringe,doctor
407,1808,syringe,nurse
408,1809,page_facing_up,documents
408,1810,page_facing_up,office
408,1811,page_facing_up,paper
408,1812,page_facing_up,information
409,1813,page_with_curl,documents
409,1814,page_with_curl,office
409,1815,page_with_curl,paper
410,1816,bookmark_tabs,favorite
410,1817,bookmark_tabs,save
410,1818,bookmark_tabs,order
410,1819,bookmark_tabs,tidy
411,1820,bar_chart,graph
411,1821,bar_chart,presentation
411,1822,bar_chart,stats
412,1823,chart_with_upwards_trend,graph
412,1824,chart_with_upwards_trend,presenetation
412,1825,chart_with_upwards_trend,stats
412,1826,chart_with_upwards_trend,recovery
412,1827,chart_with_upwards_trend,business
412,1828,chart_with_upwards_trend,economics
412,1829,chart_with_upwards_trend,money
412,1830,chart_with_upwards_trend,sales
412,1831,chart_with_upwards_trend,good
412,1832,chart_with_upwards_trend,success
413,1833,chart_with_downwards_trend,graph
413,1834,chart_with_downwards_trend,presentation
413,1835,chart_with_downwards_trend,stats
413,1836,chart_with_downwards_trend,recession
413,1837,chart_with_downwards_trend,business
413,1838,chart_with_downwards_trend,economics
413,1839,chart_with_downwards_trend,money
413,1840,chart_with_downwards_trend,sales
413,1841,chart_with_downwards_trend,bad
413,1842,chart_with_downwards_trend,failure
414,1843,scroll,documents
414,1844,scroll,ancient
414,1845,scroll,history
414,1846,scroll,paper
415,1847,clipboard,stationery
415,1848,clipboard,documents
416,1849,calendar,schedule
416,1850,calendar,date
416,1851,calendar,planning
417,1852,date,calendar
417,1853,date,schedule
418,1854,card_index,business
418,1855,card_index,stationery
419,1856,file_folder,documents
419,1857,file_folder,business
419,1858,file_folder,office
420,1859,open_file_folder,documents
420,1860,open_file_folder,load
421,1861,scissors,stationery
421,1862,scissors,cut
422,1863,pushpin,stationery
422,1864,pushpin,mark
422,1865,pushpin,here
423,1866,paperclip,documents
423,1867,paperclip,stationery
424,1868,black_nib,pen
424,1869,black_nib,stationery
424,1870,black_nib,writing
424,1871,black_nib,write
425,1872,pencil2,stationery
425,1873,pencil2,write
425,1874,pencil2,paper
425,1875,pencil2,writing
425,1876,pencil2,school
425,1877,pencil2,study
426,1878,straight_ruler,stationery
426,1879,straight_ruler,calculate
426,1880,straight_ruler,length
426,1881,straight_ruler,math
426,1882,straight_ruler,school
426,1883,straight_ruler,drawing
426,1884,straight_ruler,architect
426,1885,straight_ruler,sketch
427,1886,triangular_ruler,stationery
427,1887,triangular_ruler,math
427,1888,triangular_ruler,architect
427,1889,triangular_ruler,sketch
428,1890,closed_book,read
428,1891,closed_book,library
428,1892,closed_book,knowledge
428,1893,closed_book,textbook
428,1894,closed_book,learn
429,1895,green_book,read
429,1896,green_book,library
429,1897,green_book,knowledge
429,1898,green_book,study
430,1899,blue_book,read
430,1900,blue_book,library
430,1901,blue_book,knowledge
430,1902,blue_book,learn
430,1903,blue_book,study
431,1904,orange_book,read
431,1905,orange_book,library
431,1906,orange_book,knowledge
431,1907,orange_book,textbook
431,1908,orange_book,study
432,1909,notebook,stationery
432,1910,notebook,record
432,1911,notebook,notes
432,1912,notebook,paper
432,1913,notebook,study
433,1914,notebook_with_decorative_cover,classroom
433,1915,notebook_with_decorative_cover,notes
433,1916,notebook_with_decorative_cover,record
433,1917,notebook_with_decorative_cover,paper
433,1918,notebook_with_decorative_cover,study
434,1919,ledger,notes
434,1920,ledger,paper
435,1921,books,literature
435,1922,books,library
435,1923,books,study
436,1924,bookmark,favorite
436,1925,bookmark,label
436,1926,bookmark,save
437,1927,name_badge,fire
437,1928,name_badge,forbid
438,1929,microscope,laboratory
438,1930,microscope,experiment
438,1931,microscope,zoomin
438,1932,microscope,science
438,1933,microscope,study
439,1934,telescope,stars
439,1935,telescope,space
439,1936,telescope,zoom
440,1937,newspaper,press
440,1938,newspaper,headline
441,1939,football,sport
441,1940,football,sports
441,1941,football,balls
441,1942,football,NFL
442,1943,basketball,sport
442,1944,basketball,sports
442,1945,basketball,balls
442,1946,basketball,NBA
443,1947,soccer,sport
443,1948,soccer,sports
443,1949,soccer,balls
443,1950,soccer,football
443,1951,soccer,fifa
444,1952,baseball,sport
444,1953,baseball,sports
444,1954,baseball,balls
444,1955,baseball,MLB
445,1956,tennis,sport
445,1957,tennis,sports
445,1958,tennis,balls
445,1959,tennis,green
446,1960,8ball,magic_ball
446,1961,8ball,pool
446,1962,8ball,hobby
446,1963,8ball,game
446,1964,8ball,luck
446,1965,8ball,magic
447,1966,rugby_football,sport
447,1967,rugby_football,sports
447,1968,rugby_football,team
448,1969,bowling,sport
448,1970,bowling,sports
448,1971,bowling,fun
448,1972,bowling,play
449,1973,golf,sport
449,1974,golf,sports
449,1975,golf,business
449,1976,golf,flag
449,1977,golf,hole
449,1978,golf,summer
450,1979,mountain_bicyclist,sport
450,1980,mountain_bicyclist,vehicle
450,1981,mountain_bicyclist,transportation
450,1982,mountain_bicyclist,sports
450,1983,mountain_bicyclist,human
450,1984,mountain_bicyclist,race
450,1985,mountain_bicyclist,bike
451,1986,bicyclist,sport
451,1987,bicyclist,vehicle
451,1988,bicyclist,sports
451,1989,bicyclist,bike
451,1990,bicyclist,exercise
451,1991,bicyclist,hipster
452,1992,horse_racing,sport
452,1993,horse_racing,animal
452,1994,horse_racing,betting
452,1995,horse_racing,competition
452,1996,horse_racing,gambling
452,1997,horse_racing,luck
453,1998,snowboarder,sport
453,1999,snowboarder,sports
453,2000,snowboarder,winter
454,2001,swimmer,sport
454,2002,swimmer,sports
454,2003,swimmer,exercise
454,2004,swimmer,human
454,2005,swimmer,athlete
454,2006,swimmer,water
454,2007,swimmer,summer
455,2008,surfer,sport
455,2009,surfer,sports
455,2010,surfer,ocean
455,2011,surfer,sea
455,2012,surfer,summer
455,2013,surfer,beach
456,2014,ski,sport
456,2015,ski,sports
456,2016,ski,winter
456,2017,ski,cold
456,2018,ski,snow
457,2019,spades,cards
457,2020,spades,suit
457,2021,spades,poker
457,2022,spades,suits
457,2023,spades,magic
458,2024,hearts,heart
458,2025,hearts,cards
458,2026,hearts,suit
458,2027,hearts,poker
458,2028,hearts,magic
458,2029,hearts,suits
459,2030,clubs,cards
459,2031,clubs,suit
459,2032,clubs,poker
459,2033,clubs,magic
459,2034,clubs,suits
460,2035,diamonds,cards
460,2036,diamonds,suit
460,2037,diamonds,poker
460,2038,diamonds,magic
460,2039,diamonds,suits
461,2040,gem,jewelery
461,2041,gem,blue
461,2042,gem,ruby
461,2043,gem,diamond
461,2044,gem,jewelry
462,2045,ring,jewelery
462,2046,ring,wedding
462,2047,ring,propose
462,2048,ring,marriage
462,2049,ring,valentines
462,2050,ring,diamond
462,2051,ring,fashion
462,2052,ring,jewelry
462,2053,ring,gem
463,2054,trophy,win
463,2055,trophy,award
463,2056,trophy,contest
463,2057,trophy,place
463,2058,trophy,ftw
463,2059,trophy,ceremony
464,2060,musical_score,treble
464,2061,musical_score,clef
465,2062,musical_keyboard,piano
465,2063,musical_keyboard,instrument
466,2064,violin,music
466,2065,violin,instrument
466,2066,violin,orchestra
466,2067,violin,symphony
467,2068,space_invader,game
467,2069,space_invader,arcade
467,2070,space_invader,play
468,2071,video_game,controller
468,2072,video_game,play
468,2073,video_game,console
468,2074,video_game,PS4
469,2075,black_joker,poker
469,2076,black_joker,cards
469,2077,black_joker,game
469,2078,black_joker,play
469,2079,black_joker,magic
470,2080,flower_playing_cards,floral
470,2081,flower_playing_cards,game
470,2082,flower_playing_cards,sunset
470,2083,flower_playing_cards,red
471,2084,game_die,dice
471,2085,game_die,random
471,2086,game_die,tabbletop
471,2087,game_die,play
471,2088,game_die,luck
472,2089,dart,game
472,2090,dart,play
472,2091,dart,bar
473,2092,mahjong,game
473,2093,mahjong,play
473,2094,mahjong,chinese
473,2095,mahjong,kanji
474,2096,clapper,movie
474,2097,clapper,film
474,2098,clapper,record
475,2099,memo,write
475,2100,memo,documents
475,2101,memo,stationery
475,2102,memo,pencil
475,2103,memo,paper
475,2104,memo,writing
475,2105,memo,legal
475,2106,memo,exam
475,2107,memo,quiz
475,2108,memo,test
475,2109,memo,study
476,2110,pencil,write
477,2111,book,open_book
477,2112,book,read
477,2113,book,library
477,2114,book,knowledge
477,2115,book,literature
477,2116,book,learn
477,2117,book,study
478,2118,art,design
478,2119,art,paint
478,2120,art,draw
479,2121,microphone,sound
479,2122,microphone,music
479,2123,microphone,PA
480,2124,headphones,music
480,2125,headphones,score
480,2126,headphones,gadgets
481,2127,trumpet,music
481,2128,trumpet,brass
482,2129,saxophone,music
482,2130,saxophone,instrument
482,2131,saxophone,jazz
482,2132,saxophone,blues
483,2133,guitar,music
483,2134,guitar,instrument
484,2135,shoe,N.A
485,2136,sandal,shoes
485,2137,sandal,fashion
485,2138,sandal,flip flops
486,2139,high_heel,fashion
486,2140,high_heel,shoes
486,2141,high_heel,female
486,2142,high_heel,pumps
486,2143,high_heel,stiletto
487,2144,lipstick,female
487,2145,lipstick,girl
487,2146,lipstick,fashion
487,2147,lipstick,woman
488,2148,boot,shoes
488,2149,boot,fashion
489,2150,shirt,fashion
489,2151,shirt,cloth
489,2152,shirt,formal
490,2153,tshirt,fashion
490,2154,tshirt,cloth
490,2155,tshirt,casual
490,2156,tshirt,tee
491,2157,necktie,shirt
491,2158,necktie,suitup
491,2159,necktie,formal
491,2160,necktie,fashion
491,2161,necktie,cloth
491,2162,necktie,business
492,2163,womans_clothes,fashion
492,2164,womans_clothes,shopping
492,2165,womans_clothes,female
493,2166,dress,clothes
493,2167,dress,fashion
493,2168,dress,shopping
494,2169,running_shirt_with_sash,play
494,2170,running_shirt_with_sash,pageant
495,2171,jeans,fashion
495,2172,jeans,shopping
496,2173,kimono,dress
496,2174,kimono,fashion
496,2175,kimono,women
496,2176,kimono,female
496,2177,kimono,japanese
497,2178,bikini,swimming
497,2179,bikini,female
497,2180,bikini,woman
497,2181,bikini,girl
497,2182,bikini,fashion
497,2183,bikini,beach
497,2184,bikini,summer
498,2185,ribbon,decoration
498,2186,ribbon,pink
498,2187,ribbon,girl
498,2188,ribbon,bowtie
499,2189,tophat,magic
499,2190,tophat,gentleman
499,2191,tophat,classy
499,2192,tophat,circus
500,2193,crown,king
500,2194,crown,kod
500,2195,crown,leader
500,2196,crown,royalty
500,2197,crown,lord
501,2198,womans_hat,fashion
501,2199,womans_hat,accessories
501,2200,womans_hat,female
501,2201,womans_hat,lady
501,2202,womans_hat,spring
502,2203,mans_shoe,fashion
502,2204,mans_shoe,male
503,2205,closed_umbrella,weather
503,2206,closed_umbrella,rain
503,2207,closed_umbrella,drizzle
504,2208,briefcase,business
504,2209,briefcase,documents
504,2210,briefcase,work
504,2211,briefcase,law
504,2212,briefcase,legal
505,2213,handbag,fashion
505,2214,handbag,accessory
505,2215,handbag,accessories
505,2216,handbag,shopping
506,2217,pouch,bag
506,2218,pouch,accessories
506,2219,pouch,shopping
507,2220,purse,pocketbook
507,2221,purse,fashion
507,2222,purse,accessories
507,2223,purse,money
507,2224,purse,sales
507,2225,purse,shopping
508,2226,eyeglasses,fashion
508,2227,eyeglasses,accessories
508,2228,eyeglasses,eyesight
508,2229,eyeglasses,nerd
508,2230,eyeglasses,dork
508,2231,eyeglasses,geek
509,2232,fishing_pole_and_fish,food
509,2233,fishing_pole_and_fish,hobby
509,2234,fishing_pole_and_fish,summer
510,2235,coffee,drink
510,2236,coffee,beverage
510,2237,coffee,cafe
510,2238,coffee,espresso
511,2239,tea,drink
511,2240,tea,bowl
511,2241,tea,breakfast
511,2242,tea,green
511,2243,tea,british
512,2244,sake,drink alcohol
512,2245,sake,wine
512,2246,sake,drink
512,2247,sake,drunk
512,2248,sake,beverage
512,2249,sake,japanese
512,2250,sake,alcohol
512,2251,sake,booze
513,2252,baby_bottle,food
513,2253,baby_bottle,container
513,2254,baby_bottle,milk
514,2255,beer,drink alcohol
514,2256,beer,relax
514,2257,beer,beverage
514,2258,beer,drink
514,2259,beer,drunk
514,2260,beer,party
514,2261,beer,pub
514,2262,beer,summer
514,2263,beer,alcohol
514,2264,beer,booze
515,2265,beers,drink alcohol
515,2266,beers,relax
515,2267,beers,beverage
515,2268,beers,drink
515,2269,beers,drunk
515,2270,beers,party
515,2271,beers,pub
515,2272,beers,summer
515,2273,beers,alcohol
515,2274,beers,booze
516,2275,cocktail,drink alcohol
516,2276,cocktail,drink
516,2277,cocktail,drunk
516,2278,cocktail,alcohol
516,2279,cocktail,beverage
516,2280,cocktail,booze
517,2281,tropical_drink,beverage
517,2282,tropical_drink,cocktail
517,2283,tropical_drink,summer
517,2284,tropical_drink,beach
517,2285,tropical_drink,alcohol
517,2286,tropical_drink,booze
518,2287,wine_glass,drink alcohol
518,2288,wine_glass,drink
518,2289,wine_glass,beverage
518,2290,wine_glass,drunk
518,2291,wine_glass,alcohol
518,2292,wine_glass,booze
519,2293,fork_and_knife,cutlery
519,2294,fork_and_knife,kitchen
520,2295,pizza,food
520,2296,pizza,italian dairy
520,2297,pizza,party
521,2298,hamburger,food
521,2299,hamburger,american meat
521,2300,hamburger,meat
521,2301,hamburger,fast food
521,2302,hamburger,beef
521,2303,hamburger,cheeseburger
521,2304,hamburger,mcdonalds
521,2305,hamburger,burger king
522,2306,fries,food
522,2307,fries,american
522,2308,fries,chips
522,2309,fries,snack
522,2310,fries,fast food
523,2311,poultry_leg,food
523,2312,poultry_leg,meat
523,2313,poultry_leg,drumstick
523,2314,poultry_leg,bird
523,2315,poultry_leg,chicken
523,2316,poultry_leg,turkey
524,2317,meat_on_bone,food
524,2318,meat_on_bone,meat
524,2319,meat_on_bone,good
524,2320,meat_on_bone,drumstick
525,2321,spaghetti,food
525,2322,spaghetti,italian noodles
525,2323,spaghetti,italian
525,2324,spaghetti,noodle
526,2325,curry,food
526,2326,curry,indian
526,2327,curry,spicy
526,2328,curry,hot
527,2329,fried_shrimp,food
527,2330,fried_shrimp,seafood
527,2331,fried_shrimp,animal
527,2332,fried_shrimp,appetizer
527,2333,fried_shrimp,summer
528,2334,bento,food
528,2335,bento,japanese
528,2336,bento,box
529,2337,sushi,food
529,2338,sushi,japanese
529,2339,sushi,fish
529,2340,sushi,rice
530,2341,fish_cake,food
530,2342,fish_cake,japanese seafood
530,2343,fish_cake,naruto
530,2344,fish_cake,japan
530,2345,fish_cake,sea
530,2346,fish_cake,beach
531,2347,rice_ball,food
531,2348,rice_ball,japanese
532,2349,rice_cracker,food
532,2350,rice_cracker,japanese
533,2351,rice,food
533,2352,rice,china
533,2353,rice,asian
534,2354,ramen,food noodles
534,2355,ramen,food
534,2356,ramen,japanese
534,2357,ramen,noodle
534,2358,ramen,chipsticks
535,2359,stew,food
535,2360,stew,meat
535,2361,stew,soup
536,2362,oden,food
536,2363,oden,japanese
537,2364,dango,food
537,2365,dango,japanese
537,2366,dango,barbecue
537,2367,dango,meat
538,2368,egg,food
538,2369,egg,
538,2370,egg,food
538,2371,egg,breakfast
538,2372,egg,kitchen
539,2373,bread,food
539,2374,bread,
539,2375,bread,food
539,2376,bread,wheat
539,2377,bread,breakfast
539,2378,bread,toast
540,2379,doughnut,food
540,2380,doughnut,dessert
540,2381,doughnut,snack
540,2382,doughnut,sweet
540,2383,doughnut,donut
541,2384,custard,food
541,2385,custard,dessert
542,2386,icecream,food
542,2387,icecream,dessert
542,2388,icecream,hot
542,2389,icecream,summer
543,2390,ice_cream,food
543,2391,ice_cream,dessert
543,2392,ice_cream,hot
544,2393,shaved_ice,food
544,2394,shaved_ice,dessert
544,2395,shaved_ice,hot
544,2396,shaved_ice,summer
545,2397,birthday,party
545,2398,birthday,cake
545,2399,birthday,celebration
546,2400,cake,food
546,2401,cake,dessert
547,2402,cookie,food
547,2403,cookie,dessert
547,2404,cookie,snack
547,2405,cookie,oreo
547,2406,cookie,chocolate
547,2407,cookie,sweet
548,2408,chocolate_bar,food
548,2409,chocolate_bar,dessert
548,2410,chocolate_bar,snack
548,2411,chocolate_bar,sweet
549,2412,candy,food
549,2413,candy,dessert
549,2414,candy,snack
549,2415,candy,sweet
550,2416,lollipop,food
550,2417,lollipop,dessert
550,2418,lollipop,snack
550,2419,lollipop,candy
550,2420,lollipop,sweet
551,2421,honey_pot,food
551,2422,honey_pot,dessert
551,2423,honey_pot,bees
551,2424,honey_pot,sweet
551,2425,honey_pot,kitchen
552,2426,apple,food
552,2427,apple,fruit
552,2428,apple,mac
552,2429,apple,school
553,2430,green_apple,food
553,2431,green_apple,fruit
553,2432,green_apple,nature
554,2433,tangerine,food
554,2434,tangerine,fruit
554,2435,tangerine,nature
555,2436,lemon,food
555,2437,lemon,fruit
555,2438,lemon,nature
556,2439,cherries,food
556,2440,cherries,fruit
557,2441,grapes,food
557,2442,grapes,fruit
557,2443,grapes,wine
558,2444,watermelon,food
558,2445,watermelon,fruit
558,2446,watermelon,picnic
558,2447,watermelon,summer
559,2448,strawberry,food
559,2449,strawberry,fruit
559,2450,strawberry,nature
560,2451,peach,food
560,2452,peach,fruit
560,2453,peach,nature
561,2454,melon,food
561,2455,melon,fruit
561,2456,melon,nature
562,2457,banana,food
562,2458,banana,fruit
562,2459,banana,monkey
563,2460,pear,food
563,2461,pear,fruit
563,2462,pear,nature
564,2463,pineapple,food
564,2464,pineapple,fruit
564,2465,pineapple,nature
565,2466,sweet_potato,food
565,2467,sweet_potato,vegetable
565,2468,sweet_potato,nature
566,2469,eggplant,food
566,2470,eggplant,vegetable
566,2471,eggplant,nature
566,2472,eggplant,aubergine
567,2473,tomato,food
567,2474,tomato,fruit
567,2475,tomato,vegetable
567,2476,tomato,nature
568,2477,corn,food
568,2478,corn,vegetable
568,2479,corn,plant
569,2480,house,building
569,2481,house,home
570,2482,house_with_garden,building
570,2483,house_with_garden,home
570,2484,house_with_garden,plant
570,2485,house_with_garden,nature
571,2486,school,building
571,2487,school,student
571,2488,school,education
571,2489,school,learn
571,2490,school,teach
572,2491,office,building
572,2492,office,unit
572,2493,office,bureau
572,2494,office,work
573,2495,post_office,building
573,2496,post_office,email
573,2497,post_office,communication
574,2498,hospital,building
574,2499,hospital,health
574,2500,hospital,surgery
574,2501,hospital,doctor
575,2502,bank,building
575,2503,bank,money
575,2504,bank,sales
575,2505,bank,cash
575,2506,bank,business
575,2507,bank,enterprise
576,2508,convenience_store,building
576,2509,convenience_store,shopping
576,2510,convenience_store,groceries
577,2511,love_hotel,building
577,2512,love_hotel,like
577,2513,love_hotel,affection
577,2514,love_hotel,dating
578,2515,hotel,building
578,2516,hotel,whotel
578,2517,hotel,accomodation
578,2518,hotel,checkin
579,2519,wedding,building
579,2520,wedding,love
579,2521,wedding,like
579,2522,wedding,affection
579,2523,wedding,couple
579,2524,wedding,marriage
579,2525,wedding,bride
579,2526,wedding,groom
579,2527,wedding,church
579,2528,wedding,heart
580,2529,church,building
580,2530,church,religion
580,2531,church,christ
581,2532,department_store,building
581,2533,department_store,shopping
581,2534,department_store,mall
582,2535,european_post_office,building
582,2536,european_post_office,email
583,2537,city_sunrise,photo
583,2538,city_sunrise,good morning
583,2539,city_sunrise,dawn
584,2540,city_sunset,photo
584,2541,city_sunset,evening
584,2542,city_sunset,sky
584,2543,city_sunset,buildings
585,2544,japanese_castle,photo
585,2545,japanese_castle,building
585,2546,japanese_castle,asia
586,2547,european_castle,building
586,2548,european_castle,royalty
586,2549,european_castle,history
587,2550,tent,camping
587,2551,tent,photo
587,2552,tent,camp
587,2553,tent,outdoors
588,2554,factory,building
588,2555,factory,industry
588,2556,factory,pollution
588,2557,factory,smoke
589,2558,tokyo_tower,photo
589,2559,tokyo_tower,japanese
589,2560,tokyo_tower,asia
590,2561,japan,nation
590,2562,japan,country
590,2563,japan,japanese
590,2564,japan,asia
590,2565,japan,island
591,2566,mount_fuji,photo
591,2567,mount_fuji,mountain
591,2568,mount_fuji,nature
591,2569,mount_fuji,japanese
592,2570,sunrise_over_mountains,view
592,2571,sunrise_over_mountains,vacation
592,2572,sunrise_over_mountains,photo
593,2573,sunrise,morning
593,2574,sunrise,view
593,2575,sunrise,vacation
593,2576,sunrise,photo
594,2577,stars,night
594,2578,stars,photo
594,2579,stars,falling
594,2580,stars,sky
594,2581,stars,bright
595,2582,statue_of_liberty,american
595,2583,statue_of_liberty,newyork
595,2584,statue_of_liberty,monument
595,2585,statue_of_liberty,head
596,2586,bridge_at_night,photo
596,2587,bridge_at_night,sanfrancisco
597,2588,carousel_horse,photo
597,2589,carousel_horse,carnival
597,2590,carousel_horse,ride
598,2591,rainbow,nature
598,2592,rainbow,happy
598,2593,rainbow,unicorn
598,2594,rainbow,photo
598,2595,rainbow,sky
598,2596,rainbow,spring
598,2597,rainbow,color
599,2598,ferris_wheel,photo
599,2599,ferris_wheel,carnival
599,2600,ferris_wheel,londoneye
600,2601,fountain,photo
600,2602,fountain,summer
600,2603,fountain,water
600,2604,fountain,fresh
601,2605,roller_coaster,carnival
601,2606,roller_coaster,playground
601,2607,roller_coaster,photo
601,2608,roller_coaster,ride
601,2609,roller_coaster,fun
602,2610,ship,vehicle
602,2611,ship,transportation
602,2612,ship,titanic
602,2613,ship,deploy
602,2614,ship,cruise
603,2615,speedboat,vehicle
603,2616,speedboat,ship
603,2617,speedboat,transportation
603,2618,speedboat,summer
604,2619,boat,vehicle
604,2620,boat,ship
604,2621,boat,summer
604,2622,boat,transportation
604,2623,boat,water
604,2624,boat,sailing
604,2625,boat,sailboat
605,2626,sailboat,vehicle
606,2627,rowboat,vehicle
606,2628,rowboat,sports
606,2629,rowboat,hobby
606,2630,rowboat,water
606,2631,rowboat,ship
607,2632,anchor,ship
607,2633,anchor,ferry
607,2634,anchor,sea
607,2635,anchor,boat
608,2636,rocket,launch
608,2637,rocket,ship
608,2638,rocket,staffmode
608,2639,rocket,NASA
608,2640,rocket,outer space
608,2641,rocket,outer_space
608,2642,rocket,fly
609,2643,airplane,vehicle
609,2644,airplane,transportation
609,2645,airplane,flight
609,2646,airplane,fly
610,2647,helicopter,vehicle
610,2648,helicopter,transportation
610,2649,helicopter,fly
611,2650,steam_locomotive,vehicle
611,2651,steam_locomotive,transportation
611,2652,steam_locomotive,train
612,2653,tram,vehicle
612,2654,tram,transportation
613,2655,mountain_railway,vehicle
613,2656,mountain_railway,transportation
614,2657,bike,vehicle
614,2658,bike,sports
614,2659,bike,bicycle
614,2660,bike,exercise
614,2661,bike,hipster
615,2662,aerial_tramway,vehicle
615,2663,aerial_tramway,transportation
615,2664,aerial_tramway,ski
616,2665,suspension_railway,vehicle
616,2666,suspension_railway,transportation
617,2667,mountain_cableway,vehicle
617,2668,mountain_cableway,transportation
617,2669,mountain_cableway,ski
618,2670,tractor,vehicle
618,2671,tractor,car
618,2672,tractor,farming
618,2673,tractor,agriculture
619,2674,blue_car,vehicle
619,2675,blue_car,transportation
620,2676,oncoming_automobile,vehicle
620,2677,oncoming_automobile,car
620,2678,oncoming_automobile,transportation
621,2679,car,vehicle
621,2680,car,car
621,2681,car,red
621,2682,car,transportation
622,2683,red_car,vehicle
623,2684,taxi,vehicle
623,2685,taxi,car
623,2686,taxi,uber
623,2687,taxi,cars
623,2688,taxi,transportation
624,2689,oncoming_taxi,vehicle
624,2690,oncoming_taxi,car
624,2691,oncoming_taxi,cars
624,2692,oncoming_taxi,uber
625,2693,articulated_lorry,vehicle
625,2694,articulated_lorry,cars
625,2695,articulated_lorry,transportation
625,2696,articulated_lorry,express
626,2697,bus,vehicle
626,2698,bus,car
626,2699,bus,transportation
627,2700,oncoming_bus,vehicle
627,2701,oncoming_bus,transportation
628,2702,rotating_light,police
628,2703,rotating_light,ambulance
628,2704,rotating_light,911
628,2705,rotating_light,emergency
628,2706,rotating_light,alert
628,2707,rotating_light,error
628,2708,rotating_light,pinged
628,2709,rotating_light,law
628,2710,rotating_light,legal
629,2711,police_car,vehicle
629,2712,police_car,cars
629,2713,police_car,transportation
629,2714,police_car,law
629,2715,police_car,legal
629,2716,police_car,enforcement
630,2717,oncoming_police_car,vehicle
630,2718,oncoming_police_car,law
630,2719,oncoming_police_car,legal
630,2720,oncoming_police_car,enforcement
630,2721,oncoming_police_car,911
631,2722,fire_engine,vehicle
631,2723,fire_engine,transportation
631,2724,fire_engine,cars
632,2725,ambulance,vehicle
632,2726,ambulance,health
632,2727,ambulance,911
632,2728,ambulance,hospital
633,2729,minibus,vehicle
633,2730,minibus,car
633,2731,minibus,transportation
634,2732,truck,vehicle
634,2733,truck,cars
634,2734,truck,transportation
635,2735,train,vehicle
635,2736,train,transportation
635,2737,train,carriage
635,2738,train,public
635,2739,train,travel
636,2740,station,transportation
636,2741,station,vehicle
636,2742,station,public
637,2743,train2,vehicle
637,2744,train2,transportation
638,2745,bullettrain_front,vehicle
638,2746,bullettrain_front,transportation
638,2747,bullettrain_front,speed
638,2748,bullettrain_front,fast
638,2749,bullettrain_front,public
638,2750,bullettrain_front,travel
639,2751,bullettrain_side,vehicle
639,2752,bullettrain_side,transportation
640,2753,light_rail,vehicle
640,2754,light_rail,transportation
641,2755,monorail,vehicle
641,2756,monorail,transportation
642,2757,railway_car,vehicle
642,2758,railway_car,transportation
643,2759,trolleybus,vehicle
643,2760,trolleybus,bart
643,2761,trolleybus,transportation
644,2762,ticket,event
644,2763,ticket,concert
644,2764,ticket,pass
645,2765,fuelpump,gas station
645,2766,fuelpump,petroleum
646,2767,vertical_traffic_light,transportation
646,2768,vertical_traffic_light,driving
647,2769,traffic_light,stoplight
647,2770,traffic_light,transportation
647,2771,traffic_light,signal
648,2772,warning,exclamation
648,2773,warning,wip
648,2774,warning,alert
648,2775,warning,error
648,2776,warning,problem
648,2777,warning,issue
649,2778,construction,wip
649,2779,construction,progress
649,2780,construction,caution
649,2781,construction,warning
650,2782,beginner,badge
650,2783,beginner,shield
651,2784,atm,money
651,2785,atm,sales
651,2786,atm,cash
651,2787,atm,blue-square
651,2788,atm,payment
651,2789,atm,bank
652,2790,slot_machine,bet
652,2791,slot_machine,gamble
652,2792,slot_machine,vegas
652,2793,slot_machine,fruit machine
652,2794,slot_machine,luck
652,2795,slot_machine,casino
653,2796,busstop,transportation
653,2797,busstop,wait
654,2798,barber,hair
654,2799,barber,salon
654,2800,barber,style
655,2801,hotsprings,bath
655,2802,hotsprings,warm
655,2803,hotsprings,relax
656,2804,checkered_flag,contest
656,2805,checkered_flag,finishline
656,2806,checkered_flag,rase
656,2807,checkered_flag,gokart
657,2808,crossed_flags,japanese
657,2809,crossed_flags,nation
657,2810,crossed_flags,country
657,2811,crossed_flags,border
658,2812,izakaya_lantern,light
658,2813,izakaya_lantern,paper
658,2814,izakaya_lantern,halloween
658,2815,izakaya_lantern,spooky
659,2816,moyai,stone
659,2817,moyai,easter island
659,2818,moyai,beach
659,2819,moyai,statue
660,2820,circus_tent,festival
660,2821,circus_tent,carnival
660,2822,circus_tent,party
661,2823,performing_arts,acting
661,2824,performing_arts,theater
661,2825,performing_arts,drama
662,2826,round_pushpin,stationery
662,2827,round_pushpin,location
662,2828,round_pushpin,map
662,2829,round_pushpin,here
663,2830,triangular_flag_on_post,mark
663,2831,triangular_flag_on_post,milestone
663,2832,triangular_flag_on_post,place
664,2833,jp,japan
664,2834,jp,nippon
664,2835,jp,nihon
664,2836,jp,japanese
664,2837,jp,nation
664,2838,jp,flag
664,2839,jp,country
664,2840,jp,banner
665,2841,kr,korea
665,2842,kr,hanguk
665,2843,kr,nation
665,2844,kr,flag
665,2845,kr,country
665,2846,kr,banner
666,2847,cn,china
666,2848,cn,prc
666,2849,cn,chinese
666,2850,cn,flag
666,2851,cn,country
666,2852,cn,nation
666,2853,cn,banner
667,2854,us,usa
667,2855,us,america
667,2856,us,united states
667,2857,us,nation
667,2858,us,flag
667,2859,us,american
667,2860,us,country
667,2861,us,banner
668,2862,fr,france
668,2863,fr,banner
668,2864,fr,flag
668,2865,fr,nation
668,2866,fr,french
668,2867,fr,country
669,2868,es,spain
669,2869,es,espana
669,2870,es,flag
669,2871,es,nation
669,2872,es,country
669,2873,es,banner
670,2874,it,italy
670,2875,it,italia
670,2876,it,flag
670,2877,it,nation
670,2878,it,country
670,2879,it,banner
671,2880,ru,russia
671,2881,ru,russian
671,2882,ru,nation
671,2883,ru,flag
671,2884,ru,country
671,2885,ru,banner
672,2886,gb,great britain
672,2887,gb,united kingdom
672,2888,gb,banner
672,2889,gb,nation
672,2890,gb,flag
672,2891,gb,british
672,2892,gb,UK
672,2893,gb,country
672,2894,gb,english
672,2895,gb,england
672,2896,gb,union jack
673,2897,uk,great britain
673,2898,uk,united kingdom
674,2899,de,germany
674,2900,de,deutschland
674,2901,de,german
674,2902,de,nation
674,2903,de,flag
674,2904,de,country
674,2905,de,banner
675,2906,one,1
675,2907,one,blue-square
675,2908,one,numbers
676,2909,two,2
676,2910,two,numbers
676,2911,two,prime
676,2912,two,blue-square
677,2913,three,3
677,2914,three,numbers
677,2915,three,prime
677,2916,three,blue-square
678,2917,four,4
678,2918,four,numbers
678,2919,four,blue-square
679,2920,five,5
679,2921,five,numbers
679,2922,five,blue-square
679,2923,five,prime
680,2924,six,6
680,2925,six,numbers
680,2926,six,blue-square
681,2927,seven,7
681,2928,seven,numbers
681,2929,seven,blue-square
681,2930,seven,prime
682,2931,eight,8
682,2932,eight,blue-square
682,2933,eight,numbers
683,2934,nine,9
683,2935,nine,blue-square
683,2936,nine,numbers
684,2937,keycap_ten,10
684,2938,keycap_ten,numbers
684,2939,keycap_ten,blue-square
685,2940,1234,numbers
685,2941,1234,blue-square
686,2942,zero,0
686,2943,zero,numbers
686,2944,zero,blue-square
686,2945,zero,null
687,2946,hash,symbol
687,2947,hash,blue-square
687,2948,hash,twitter
688,2949,symbols,blue-square
688,2950,symbols,music
688,2951,symbols,note
688,2952,symbols,ampersand
688,2953,symbols,percent
688,2954,symbols,glyphs
688,2955,symbols,characters
689,2956,arrow_backward,left
689,2957,arrow_backward,blue-square
689,2958,arrow_backward,direction
690,2959,arrow_down,blue-square
690,2960,arrow_down,direction
690,2961,arrow_down,bottom
691,2962,arrow_forward,right
691,2963,arrow_forward,blue-square
691,2964,arrow_forward,direction
692,2965,arrow_left,blue-square
692,2966,arrow_left,previous
692,2967,arrow_left,back
693,2968,capital_abcd,alphabet
693,2969,capital_abcd,words
693,2970,capital_abcd,blue-square
694,2971,abcd,blue-square
694,2972,abcd,alphabet
695,2973,abc,blue-square
695,2974,abc,alphabet
696,2975,arrow_lower_left,blue-square
696,2976,arrow_lower_left,direction
697,2977,arrow_lower_right,blue-square
697,2978,arrow_lower_right,direction
698,2979,arrow_right,blue-square
698,2980,arrow_right,next
699,2981,arrow_up,blue-square
699,2982,arrow_up,continue
699,2983,arrow_up,top
699,2984,arrow_up,direction
700,2985,arrow_upper_left,blue-square
700,2986,arrow_upper_left,point
700,2987,arrow_upper_left,direction
701,2988,arrow_upper_right,blue-square
701,2989,arrow_upper_right,point
701,2990,arrow_upper_right,direction
702,2991,arrow_double_down,blue-square
702,2992,arrow_double_down,direction
702,2993,arrow_double_down,bottom
703,2994,arrow_double_up,blue-square
703,2995,arrow_double_up,direction
703,2996,arrow_double_up,top
704,2997,arrow_down_small,blue-square
704,2998,arrow_down_small,direction
704,2999,arrow_down_small,bottom
705,3000,arrow_heading_down,blue-square
705,3001,arrow_heading_down,direction
705,3002,arrow_heading_down,bottom
706,3003,arrow_heading_up,blue-square
706,3004,arrow_heading_up,direction
706,3005,arrow_heading_up,top
707,3006,leftwards_arrow_with_hook,back
707,3007,leftwards_arrow_with_hook,return
707,3008,leftwards_arrow_with_hook,blue-square
707,3009,leftwards_arrow_with_hook,undo
708,3010,arrow_right_hook,blue-square
708,3011,arrow_right_hook,return
708,3012,arrow_right_hook,rotade
708,3013,arrow_right_hook,direction
709,3014,left_right_arrow,shape
709,3015,left_right_arrow,direction
710,3016,arrow_up_down,blue-square
710,3017,arrow_up_down,direction
710,3018,arrow_up_down,way
711,3019,arrow_up_small,blue-square
711,3020,arrow_up_small,triangle
711,3021,arrow_up_small,direction
711,3022,arrow_up_small,point
711,3023,arrow_up_small,forward
711,3024,arrow_up_small,top
712,3025,arrows_clockwise,sync
712,3026,arrows_clockwise,cycle
712,3027,arrows_clockwise,round
712,3028,arrows_clockwise,repeat
713,3029,arrows_counterclockwise,blue-square
713,3030,arrows_counterclockwise,sync
713,3031,arrows_counterclockwise,cycle
714,3032,rewind,play
714,3033,rewind,blue-square
715,3034,fast_forward,blue-square
715,3035,fast_forward,play
715,3036,fast_forward,speed
715,3037,fast_forward,continue
716,3038,information_source,blue-square
716,3039,information_source,alphabet
716,3040,information_source,letter
717,3041,ok,good
717,3042,ok,agree
717,3043,ok,yes
717,3044,ok,blue-square
718,3045,twisted_rightwards_arrows,blue-square
718,3046,twisted_rightwards_arrows,shuffle
718,3047,twisted_rightwards_arrows,music
718,3048,twisted_rightwards_arrows,random
719,3049,repeat,loop
719,3050,repeat,record
720,3051,repeat_one,blue-square
720,3052,repeat_one,loop
721,3053,new,blue-square
721,3054,new,words
721,3055,new,start
722,3056,top,words
722,3057,top,blue-square
723,3058,up,blue-square
723,3059,up,above
723,3060,up,high
724,3061,cool,words
724,3062,cool,blue-square
725,3063,free,blue-square
725,3064,free,words
726,3065,ng,blue-square
726,3066,ng,words
726,3067,ng,shape
726,3068,ng,icon
727,3069,cinema,movie
727,3070,cinema,blue-square
727,3071,cinema,record
727,3072,cinema,film
728,3073,koko,blue-square
728,3074,koko,here
728,3075,koko,katakana
728,3076,koko,japanese
728,3077,koko,destination
729,3078,signal_strength,blue-square
729,3079,signal_strength,reception
729,3080,signal_strength,phone
729,3081,signal_strength,internet
729,3082,signal_strength,connection
729,3083,signal_strength,wifi
729,3084,signal_strength,bluetooth
730,3085,u5272,wari
730,3086,u5272,cut
730,3087,u5272,divide
730,3088,u5272,chinese
730,3089,u5272,kanji
730,3090,u5272,pink-square
731,3091,u5408,japanese
731,3092,u5408,chinese
731,3093,u5408,join
731,3094,u5408,kanji
731,3095,u5408,red-square
732,3096,u55b6,ying
732,3097,u55b6,japanese
732,3098,u55b6,opening hours
732,3099,u55b6,orange-square
733,3100,u6307,zh
733,3101,u6307,zhi
733,3102,u6307,chinese
733,3103,u6307,point
733,3104,u6307,green-square
733,3105,u6307,kanji
734,3106,u6708,yu
734,3107,u6708,yue
734,3108,u6708,chinese
734,3109,u6708,month
734,3110,u6708,moon
734,3111,u6708,japanese
734,3112,u6708,orange-square
734,3113,u6708,kanji
735,3114,u6709,yu
735,3115,u6709,you
735,3116,u6709,orange-square
735,3117,u6709,chinese
735,3118,u6709,have
735,3119,u6709,kanji
736,3120,u6e80,mitsuru
736,3121,u6e80,full
736,3122,u6e80,chinese
736,3123,u6e80,japanese
736,3124,u6e80,red-square
736,3125,u6e80,kanji
737,3126,u7121,w
737,3127,u7121,wu
737,3128,u7121,nothing
737,3129,u7121,chinese
737,3130,u7121,kanji
737,3131,u7121,japanese
737,3132,u7121,orange-square
738,3133,u7533,shn
738,3134,u7533,shen
738,3135,u7533,chinese
738,3136,u7533,japanese
738,3137,u7533,kanji
738,3138,u7533,orange-square
739,3139,u7a7a,kng
739,3140,u7a7a,kong
739,3141,u7a7a,kanji
739,3142,u7a7a,japanese
739,3143,u7a7a,chinese
739,3144,u7a7a,empty
739,3145,u7a7a,sky
739,3146,u7a7a,blue-square
740,3147,u7981,jn
740,3148,u7981,jin
740,3149,u7981,kanji
740,3150,u7981,japanese
740,3151,u7981,chinese
740,3152,u7981,forbidden
740,3153,u7981,limit
740,3154,u7981,restricted
740,3155,u7981,red-square
741,3156,sa,japanese
741,3157,sa,blue-square
741,3158,sa,katakana
742,3159,restroom,blue-square
742,3160,restroom,toilet
742,3161,restroom,refresh
742,3162,restroom,wc
742,3163,restroom,gender
743,3164,mens,toilet
743,3165,mens,restroom
743,3166,mens,wc
743,3167,mens,blue-square
743,3168,mens,gender
743,3169,mens,male
744,3170,womens,purple-square
744,3171,womens,woman
744,3172,womens,female
744,3173,womens,toilet
744,3174,womens,loo
744,3175,womens,restroom
744,3176,womens,gender
745,3177,baby_symbol,orange-square
745,3178,baby_symbol,child
746,3179,no_smoking,cigarette
746,3180,no_smoking,blue-square
746,3181,no_smoking,smell
746,3182,no_smoking,smoke
747,3183,parking,cars
747,3184,parking,blue-square
747,3185,parking,alphabet
747,3186,parking,letter
748,3187,wheelchair,blue-square
748,3188,wheelchair,disabled
748,3189,wheelchair,a11y
748,3190,wheelchair,accessibility
749,3191,metro,transportation
749,3192,metro,blue-square
749,3193,metro,mrt
749,3194,metro,underground
749,3195,metro,tube
750,3196,baggage_claim,blue-square
750,3197,baggage_claim,airport
750,3198,baggage_claim,transport
751,3199,accept,ok
751,3200,accept,good
751,3201,accept,chinese
751,3202,accept,kanji
751,3203,accept,agree
751,3204,accept,yes
751,3205,accept,orange-circle
752,3206,wc,toilet
752,3207,wc,restroom
752,3208,wc,blue-square
753,3209,potable_water,blue-square
753,3210,potable_water,liquid
753,3211,potable_water,restroom
753,3212,potable_water,cleaning
753,3213,potable_water,faucet
754,3214,put_litter_in_its_place,blue-square
754,3215,put_litter_in_its_place,sign
754,3216,put_litter_in_its_place,human
754,3217,put_litter_in_its_place,info
755,3218,secret,privacy
755,3219,secret,chinese
755,3220,secret,sshh
755,3221,secret,kanji
755,3222,secret,red-circle
756,3223,congratulations,chinese
756,3224,congratulations,kanji
756,3225,congratulations,japanese
756,3226,congratulations,red-circle
757,3227,m,alphabet
757,3228,m,blue-circle
757,3229,m,letter
758,3230,passport_control,custom
758,3231,passport_control,blue-square
759,3232,left_luggage,blue-square
759,3233,left_luggage,travel
760,3234,customs,passport
760,3235,customs,border
760,3236,customs,blue-square
761,3237,ideograph_advantage,chinese
761,3238,ideograph_advantage,kanji
761,3239,ideograph_advantage,obtain
761,3240,ideograph_advantage,get
761,3241,ideograph_advantage,circle
762,3242,cl,alphabet
762,3243,cl,words
762,3244,cl,red-square
763,3245,sos,help
763,3246,sos,red-square
763,3247,sos,words
763,3248,sos,emergency
763,3249,sos,911
764,3250,id,purple-square
764,3251,id,words
765,3252,no_entry_sign,forbid
765,3253,no_entry_sign,stop
765,3254,no_entry_sign,limit
765,3255,no_entry_sign,denied
765,3256,no_entry_sign,disallow
765,3257,no_entry_sign,circle
766,3258,underage,18
766,3259,underage,drink
766,3260,underage,pub
766,3261,underage,night
766,3262,underage,minor
766,3263,underage,circle
767,3264,no_mobile_phones,iphone
767,3265,no_mobile_phones,mute
767,3266,no_mobile_phones,circle
768,3267,do_not_litter,trash
768,3268,do_not_litter,bin
768,3269,do_not_litter,garbage
768,3270,do_not_litter,circle
769,3271,non-potable_water,drink
769,3272,non-potable_water,faucet
769,3273,non-potable_water,tap
769,3274,non-potable_water,circle
770,3275,no_bicycles,cyclist
770,3276,no_bicycles,prohibited
770,3277,no_bicycles,circle
771,3278,no_pedestrians,rules
771,3279,no_pedestrians,crossing
771,3280,no_pedestrians,walking
771,3281,no_pedestrians,circle
772,3282,children_crossing,school
772,3283,children_crossing,warning
772,3284,children_crossing,danger
772,3285,children_crossing,sign
772,3286,children_crossing,driving
772,3287,children_crossing,yellow-diamond
773,3288,no_entry,limit
773,3289,no_entry,security
773,3290,no_entry,privacy
773,3291,no_entry,bad
773,3292,no_entry,denied
773,3293,no_entry,stop
773,3294,no_entry,circle
774,3295,eight_spoked_asterisk,star
774,3296,eight_spoked_asterisk,sparkle
774,3297,eight_spoked_asterisk,green-square
775,3298,sparkle,stars
775,3299,sparkle,green-square
775,3300,sparkle,awesome
775,3301,sparkle,good
775,3302,sparkle,fireworks
776,3303,eight_pointed_black_star,orange-square
776,3304,eight_pointed_black_star,shape
776,3305,eight_pointed_black_star,polygon
777,3306,heart_decoration,heart
777,3307,heart_decoration,purple-square
777,3308,heart_decoration,love
777,3309,heart_decoration,like
778,3310,vs,words
778,3311,vs,orange-square
779,3312,vibration_mode,orange-square
779,3313,vibration_mode,phone
780,3314,mobile_phone_off,mute
780,3315,mobile_phone_off,orange-square
780,3316,mobile_phone_off,silence
780,3317,mobile_phone_off,quiet
781,3318,chart,yen
781,3319,chart,green-square
781,3320,chart,graph
781,3321,chart,presentation
781,3322,chart,stats
782,3323,currency_exchange,money
782,3324,currency_exchange,sales
782,3325,currency_exchange,dollar
782,3326,currency_exchange,travel
783,3327,aries,zodiac
783,3328,aries,sign
783,3329,aries,purple-square
783,3330,aries,astrology
784,3331,taurus,zodiac
784,3332,taurus,purple-square
784,3333,taurus,sign
784,3334,taurus,astrology
785,3335,gemini,zodiac
785,3336,gemini,sign
785,3337,gemini,purple-square
785,3338,gemini,astrology
786,3339,cancer,zodiac
786,3340,cancer,sign
786,3341,cancer,purple-square
786,3342,cancer,astrology
787,3343,leo,zodiac
787,3344,leo,sign
787,3345,leo,purple-square
787,3346,leo,astrology
788,3347,virgo,zodiac
788,3348,virgo,sign
788,3349,virgo,purple-square
788,3350,virgo,astrology
789,3351,libra,zodiac
789,3352,libra,sign
789,3353,libra,purple-square
789,3354,libra,astrology
790,3355,scorpius,zodiac
790,3356,scorpius,sign
790,3357,scorpius,purple-square
790,3358,scorpius,astrology
790,3359,scorpius,scorpio
791,3360,sagittarius,zodiac
791,3361,sagittarius,sign
791,3362,sagittarius,purple-square
791,3363,sagittarius,astrology
792,3364,capricorn,zodiac
792,3365,capricorn,sign
792,3366,capricorn,purple-square
792,3367,capricorn,astrology
793,3368,aquarius,zodiac
793,3369,aquarius,sign
793,3370,aquarius,purple-square
793,3371,aquarius,astrology
794,3372,pisces,zodiac
794,3373,pisces,purple-square
794,3374,pisces,sign
794,3375,pisces,astrology
795,3376,ophiuchus,zodiac
795,3377,ophiuchus,sign
795,3378,ophiuchus,purple-square
795,3379,ophiuchus,constellation
795,3380,ophiuchus,astrology
796,3381,six_pointed_star,purple-square
796,3382,six_pointed_star,religion
796,3383,six_pointed_star,jewish
796,3384,six_pointed_star,hexagram
797,3385,negative_squared_cross_mark,x
797,3386,negative_squared_cross_mark,green-square
797,3387,negative_squared_cross_mark,no
797,3388,negative_squared_cross_mark,deny
798,3389,a,red-square
798,3390,a,alphabet
798,3391,a,letter
799,3392,b,red-square
799,3393,b,alphabet
799,3394,b,letter
800,3395,ab,red-square
800,3396,ab,alphabet
801,3397,o2,alphabet
801,3398,o2,red-square
801,3399,o2,letter
802,3400,diamond_shape_with_a_dot_inside,jewel
802,3401,diamond_shape_with_a_dot_inside,blue
802,3402,diamond_shape_with_a_dot_inside,gem
802,3403,diamond_shape_with_a_dot_inside,crystal
802,3404,diamond_shape_with_a_dot_inside,fancy
803,3405,recycle,arrow
803,3406,recycle,environment
803,3407,recycle,garbage
803,3408,recycle,trash
804,3409,end,words
804,3410,end,arrow
805,3411,back,arrow
805,3412,back,words
805,3413,back,return
806,3414,on,arrow
806,3415,on,words
807,3416,soon,arrow
807,3417,soon,words
808,3418,clock1,time
808,3419,clock1,late
808,3420,clock1,early
808,3421,clock1,schedule
809,3422,clock130,time
809,3423,clock130,late
809,3424,clock130,early
809,3425,clock130,schedule
810,3426,clock10,time
810,3427,clock10,late
810,3428,clock10,early
810,3429,clock10,schedule
811,3430,clock1030,time
811,3431,clock1030,late
811,3432,clock1030,early
811,3433,clock1030,schedule
812,3434,clock11,time
812,3435,clock11,late
812,3436,clock11,early
812,3437,clock11,schedule
813,3438,clock1130,time
813,3439,clock1130,late
813,3440,clock1130,early
813,3441,clock1130,schedule
814,3442,clock12,midnight
814,3443,clock12,noon
814,3444,clock12,time
814,3445,clock12,late
814,3446,clock12,early
814,3447,clock12,schedule
815,3448,clock1230,time
815,3449,clock1230,late
815,3450,clock1230,early
815,3451,clock1230,schedule
816,3452,clock2,time
816,3453,clock2,late
816,3454,clock2,early
816,3455,clock2,schedule
817,3456,clock230,time
817,3457,clock230,late
817,3458,clock230,early
817,3459,clock230,schedule
818,3460,clock3,time
818,3461,clock3,late
818,3462,clock3,early
818,3463,clock3,schedule
819,3464,clock330,time
819,3465,clock330,late
819,3466,clock330,early
819,3467,clock330,schedule
820,3468,clock4,time
820,3469,clock4,late
820,3470,clock4,early
820,3471,clock4,schedule
821,3472,clock430,time
821,3473,clock430,late
821,3474,clock430,early
821,3475,clock430,schedule
822,3476,clock5,time
822,3477,clock5,late
822,3478,clock5,early
822,3479,clock5,schedule
823,3480,clock530,time
823,3481,clock530,late
823,3482,clock530,early
823,3483,clock530,schedule
824,3484,clock6,time
824,3485,clock6,late
824,3486,clock6,early
824,3487,clock6,schedule
824,3488,clock6,dawn
824,3489,clock6,dusk
825,3490,clock630,time
825,3491,clock630,late
825,3492,clock630,early
825,3493,clock630,schedule
826,3494,clock7,time
826,3495,clock7,late
826,3496,clock7,early
826,3497,clock7,schedule
827,3498,clock730,time
827,3499,clock730,late
827,3500,clock730,early
827,3501,clock730,schedule
828,3502,clock8,time
828,3503,clock8,late
828,3504,clock8,early
828,3505,clock8,schedule
829,3506,clock830,time
829,3507,clock830,late
829,3508,clock830,early
829,3509,clock830,schedule
830,3510,clock9,time
830,3511,clock9,late
830,3512,clock9,early
830,3513,clock9,schedule
831,3514,clock930,time
831,3515,clock930,late
831,3516,clock930,early
831,3517,clock930,schedule
832,3518,heavy_dollar_sign,money
832,3519,heavy_dollar_sign,sales
832,3520,heavy_dollar_sign,payment
832,3521,heavy_dollar_sign,currency
833,3522,copyright,ip
833,3523,copyright,license
833,3524,copyright,circle
833,3525,copyright,law
833,3526,copyright,legal
834,3527,registered,alphabet
834,3528,registered,circle
835,3529,tm,trademark
835,3530,tm,brand
835,3531,tm,law
835,3532,tm,legal
836,3533,x,no
836,3534,x,delete
836,3535,x,remove
837,3536,heavy_exclamation_mark,shocked
837,3537,heavy_exclamation_mark,surprised
838,3538,bangbang,exclamation
838,3539,bangbang,surprise
839,3540,interrobang,wat
839,3541,interrobang,punctuation
839,3542,interrobang,surprise
840,3543,o,circle
840,3544,o,round
841,3545,heavy_multiplication_x,math
841,3546,heavy_multiplication_x,calculation
842,3547,heavy_plus_sign,math
842,3548,heavy_plus_sign,calculation
842,3549,heavy_plus_sign,addition
842,3550,heavy_plus_sign,more
842,3551,heavy_plus_sign,increase
843,3552,heavy_minus_sign,math
843,3553,heavy_minus_sign,calculation
843,3554,heavy_minus_sign,subtract
843,3555,heavy_minus_sign,less
844,3556,heavy_division_sign,divide
844,3557,heavy_division_sign,math
844,3558,heavy_division_sign,calculation
845,3559,white_flower,floral
845,3560,white_flower,japanese
845,3561,white_flower,spring
846,3562,100,score
846,3563,100,perfect
846,3564,100,numbers
846,3565,100,century
846,3566,100,exam
846,3567,100,quiz
846,3568,100,test
846,3569,100,pass
846,3570,100,hundred
847,3571,heavy_check_mark,ok
847,3572,heavy_check_mark,nike
848,3573,ballot_box_with_check,ok
848,3574,ballot_box_with_check,agree
848,3575,ballot_box_with_check,confirm
848,3576,ballot_box_with_check,black-square
848,3577,ballot_box_with_check,vote
848,3578,ballot_box_with_check,election
849,3579,radio_button,input
849,3580,radio_button,old
849,3581,radio_button,music
849,3582,radio_button,circle
850,3583,link,rings
850,3584,link,url
851,3585,curly_loop,scribble
851,3586,curly_loop,draw
851,3587,curly_loop,shape
851,3588,curly_loop,squiggle
852,3589,wavy_dash,draw
852,3590,wavy_dash,line
852,3591,wavy_dash,moustache
852,3592,wavy_dash,mustache
852,3593,wavy_dash,squiggle
852,3594,wavy_dash,scribble
853,3595,part_alternation_mark,graph
853,3596,part_alternation_mark,presentation
853,3597,part_alternation_mark,stats
853,3598,part_alternation_mark,business
853,3599,part_alternation_mark,economics
853,3600,part_alternation_mark,bad
854,3601,trident,weapon
854,3602,trident,spear
855,3603,black_small_square,shape
855,3604,black_small_square,icon
856,3605,white_small_square,shape
856,3606,white_small_square,icon
857,3607,black_medium_small_square,icon
857,3608,black_medium_small_square,shape
857,3609,black_medium_small_square,button
858,3610,white_medium_small_square,shape
858,3611,white_medium_small_square,stone
858,3612,white_medium_small_square,icon
858,3613,white_medium_small_square,button
859,3614,black_medium_square,shape
859,3615,black_medium_square,button
859,3616,black_medium_square,icon
860,3617,white_medium_square,shape
860,3618,white_medium_square,stone
860,3619,white_medium_square,icon
861,3620,black_large_square,shape
861,3621,black_large_square,icon
861,3622,black_large_square,button
862,3623,white_large_square,shape
862,3624,white_large_square,icon
862,3625,white_large_square,stone
862,3626,white_large_square,button
863,3627,white_check_mark,green-square
863,3628,white_check_mark,ok
863,3629,white_check_mark,agree
863,3630,white_check_mark,vote
863,3631,white_check_mark,election
864,3632,black_square_button,shape
864,3633,black_square_button,input
864,3634,black_square_button,frame
865,3635,white_square_button,shape
865,3636,white_square_button,input
866,3637,black_circle,shape
866,3638,black_circle,button
866,3639,black_circle,round
867,3640,white_circle,shape
867,3641,white_circle,round
868,3642,red_circle,shape
868,3643,red_circle,error
868,3644,red_circle,danger
869,3645,large_blue_circle,shape
869,3646,large_blue_circle,icon
869,3647,large_blue_circle,button
870,3648,large_blue_diamond,shape
870,3649,large_blue_diamond,jewel
870,3650,large_blue_diamond,gem
871,3651,large_orange_diamond,shape
871,3652,large_orange_diamond,jewel
871,3653,large_orange_diamond,gem
872,3654,small_blue_diamond,shape
872,3655,small_blue_diamond,jewel
872,3656,small_blue_diamond,gem
873,3657,small_orange_diamond,shape
873,3658,small_orange_diamond,jewel
873,3659,small_orange_diamond,gem
874,3660,small_red_triangle,shape
874,3661,small_red_triangle,direction
874,3662,small_red_triangle,up
874,3663,small_red_triangle,top
875,3664,small_red_triangle_down,shape
875,3665,small_red_triangle_down,direction
875,3666,small_red_triangle_down,bottom
876,3667,shipit,squirrel
876,3668,shipit,detective
876,3669,shipit,animal
876,3670,shipit,sherlock
876,3671,shipit,inspector
876,3672,shipit,custom_
