agegroup,dwelling,value,year
Residents,Total HDB Dwellings,2787664,2000
Residents,Condominiums & Other Apartments,207005,2000
Residents,Landed Properties,241684,2000
Residents,Other Types Of Dwelling,37010,2000
0-4 Years,Total HDB Dwellings,198145,2000
0-4 Years,Condominiums & Other Apartments,14509,2000
0-4 Years,Landed Properties,11452,2000
0-4 Years,Other Types Of Dwelling,1599,2000
5-9 Years,Total HDB Dwellings,218817,2000
5-9 Years,Condominiums & Other Apartments,18080,2000
5-9 Years,Landed Properties,17418,2000
5-9 Years,Other Types Of Dwelling,2259,2000
10-14 Years,Total HDB Dwellings,197568,2000
10-14 Years,Condominiums & Other Apartments,16838,2000
10-14 Years,Landed Properties,19093,2000
10-14 Years,Other Types Of Dwelling,1853,2000
15-19 Years,Total HDB Dwellings,180828,2000
15-19 Years,Condominiums & Other Apartments,12263,2000
15-19 Years,Landed Properties,16587,2000
15-19 Years,Other Types Of Dwelling,1608,2000
20-24 Years,Total HDB Dwellings,183046,2000
20-24 Years,Condominiums & Other Apartments,10869,2000
20-24 Years,Landed Properties,16306,2000
20-24 Years,Other Types Of Dwelling,2015,2000
25-29 Years,Total HDB Dwellings,234929,2000
25-29 Years,Condominiums & Other Apartments,12701,2000
25-29 Years,Landed Properties,16814,2000
25-29 Years,Other Types Of Dwelling,2717,2000
30-34 Years,Total HDB Dwellings,255755,2000
30-34 Years,Condominiums & Other Apartments,17554,2000
30-34 Years,Landed Properties,14380,2000
30-34 Years,Other Types Of Dwelling,2601,2000
35-39 Years,Total HDB Dwellings,275959,2000
35-39 Years,Condominiums & Other Apartments,25009,2000
35-39 Years,Landed Properties,18592,2000
35-39 Years,Other Types Of Dwelling,3061,2000
40-44 Years,Total HDB Dwellings,262232,2000
40-44 Years,Condominiums & Other Apartments,24430,2000
40-44 Years,Landed Properties,22748,2000
40-44 Years,Other Types Of Dwelling,3010,2000
45-49 Years,Total HDB Dwellings,217917,2000
45-49 Years,Condominiums & Other Apartments,19091,2000
45-49 Years,Landed Properties,22423,2000
45-49 Years,Other Types Of Dwelling,2770,2000
50-54 Years,Total HDB Dwellings,171020,2000
50-54 Years,Condominiums & Other Apartments,13333,2000
50-54 Years,Landed Properties,19781,2000
50-54 Years,Other Types Of Dwelling,2523,2000
55-59 Years,Total HDB Dwellings,104748,2000
55-59 Years,Condominiums & Other Apartments,6746,2000
55-59 Years,Landed Properties,11595,2000
55-59 Years,Other Types Of Dwelling,1972,2000
60-64 Years,Total HDB Dwellings,93037,2000
60-64 Years,Condominiums & Other Apartments,5228,2000
60-64 Years,Landed Properties,10400,2000
60-64 Years,Other Types Of Dwelling,1838,2000
65-69 Years,Total HDB Dwellings,74218,2000
65-69 Years,Condominiums & Other Apartments,3724,2000
65-69 Years,Landed Properties,8381,2000
65-69 Years,Other Types Of Dwelling,1982,2000
70-74 Years,Total HDB Dwellings,55028,2000
70-74 Years,Condominiums & Other Apartments,2984,2000
70-74 Years,Landed Properties,6786,2000
70-74 Years,Other Types Of Dwelling,2150,2000
75-79 Years,Total HDB Dwellings,32314,2000
75-79 Years,Condominiums & Other Apartments,1789,2000
75-79 Years,Landed Properties,4242,2000
75-79 Years,Other Types Of Dwelling,1299,2000
80-84 Years,Total HDB Dwellings,18404,2000
80-84 Years,Condominiums & Other Apartments,1110,2000
80-84 Years,Landed Properties,2598,2000
80-84 Years,Other Types Of Dwelling,764,2000
85-89 Years,Total HDB Dwellings,9529,2000
85-89 Years,Condominiums & Other Apartments,555,2000
85-89 Years,Landed Properties,1452,2000
85-89 Years,Other Types Of Dwelling,556,2000
90 Years & Over,Total HDB Dwellings,4170,2000
90 Years & Over,Condominiums & Other Apartments,192,2000
90 Years & Over,Landed Properties,636,2000
90 Years & Over,Other Types Of Dwelling,433,2000
Residents,Total HDB Dwellings,2812379,2001
Residents,Condominiums & Other Apartments,235248,2001
Residents,Landed Properties,243108,2001
Residents,Other Types Of Dwelling,35167,2001
0-4 Years,Total HDB Dwellings,194458,2001
0-4 Years,Condominiums & Other Apartments,16243,2001
0-4 Years,Landed Properties,10757,2001
0-4 Years,Other Types Of Dwelling,1533,2001
5-9 Years,Total HDB Dwellings,213838,2001
5-9 Years,Condominiums & Other Apartments,21232,2001
5-9 Years,Landed Properties,17043,2001
5-9 Years,Other Types Of Dwelling,1964,2001
10-14 Years,Total HDB Dwellings,205239,2001
10-14 Years,Condominiums & Other Apartments,19594,2001
10-14 Years,Landed Properties,20331,2001
10-14 Years,Other Types Of Dwelling,1808,2001
15-19 Years,Total HDB Dwellings,179187,2001
15-19 Years,Condominiums & Other Apartments,13382,2001
15-19 Years,Landed Properties,16856,2001
15-19 Years,Other Types Of Dwelling,1478,2001
20-24 Years,Total HDB Dwellings,184248,2001
20-24 Years,Condominiums & Other Apartments,12019,2001
20-24 Years,Landed Properties,16431,2001
20-24 Years,Other Types Of Dwelling,1938,2001
25-29 Years,Total HDB Dwellings,229210,2001
25-29 Years,Condominiums & Other Apartments,14971,2001
25-29 Years,Landed Properties,16089,2001
25-29 Years,Other Types Of Dwelling,2484,2001
30-34 Years,Total HDB Dwellings,249771,2001
30-34 Years,Condominiums & Other Apartments,20483,2001
30-34 Years,Landed Properties,14013,2001
30-34 Years,Other Types Of Dwelling,2423,2001
35-39 Years,Total HDB Dwellings,274097,2001
35-39 Years,Condominiums & Other Apartments,28061,2001
35-39 Years,Landed Properties,17835,2001
35-39 Years,Other Types Of Dwelling,2885,2001
40-44 Years,Total HDB Dwellings,265468,2001
40-44 Years,Condominiums & Other Apartments,27377,2001
40-44 Years,Landed Properties,22366,2001
40-44 Years,Other Types Of Dwelling,2785,2001
45-49 Years,Total HDB Dwellings,227712,2001
45-49 Years,Condominiums & Other Apartments,21446,2001
45-49 Years,Landed Properties,22764,2001
45-49 Years,Other Types Of Dwelling,2647,2001
50-54 Years,Total HDB Dwellings,184889,2001
50-54 Years,Condominiums & Other Apartments,15460,2001
50-54 Years,Landed Properties,21029,2001
50-54 Years,Other Types Of Dwelling,2464,2001
55-59 Years,Total HDB Dwellings,104153,2001
55-59 Years,Condominiums & Other Apartments,7533,2001
55-59 Years,Landed Properties,11997,2001
55-59 Years,Other Types Of Dwelling,1766,2001
60-64 Years,Total HDB Dwellings,99874,2001
60-64 Years,Condominiums & Other Apartments,5980,2001
60-64 Years,Landed Properties,10775,2001
60-64 Years,Other Types Of Dwelling,1877,2001
65-69 Years,Total HDB Dwellings,75330,2001
65-69 Years,Condominiums & Other Apartments,4108,2001
65-69 Years,Landed Properties,8445,2001
65-69 Years,Other Types Of Dwelling,1793,2001
70-74 Years,Total HDB Dwellings,56806,2001
70-74 Years,Condominiums & Other Apartments,3244,2001
70-74 Years,Landed Properties,6994,2001
70-74 Years,Other Types Of Dwelling,2004,2001
75-79 Years,Total HDB Dwellings,34493,2001
75-79 Years,Condominiums & Other Apartments,2059,2001
75-79 Years,Landed Properties,4437,2001
75-79 Years,Other Types Of Dwelling,1512,2001
80-84 Years,Total HDB Dwellings,19172,2001
80-84 Years,Condominiums & Other Apartments,1214,2001
80-84 Years,Landed Properties,2741,2001
80-84 Years,Other Types Of Dwelling,770,2001
85-89 Years,Total HDB Dwellings,9840,2001
85-89 Years,Condominiums & Other Apartments,595,2001
85-89 Years,Landed Properties,1512,2001
85-89 Years,Other Types Of Dwelling,553,2001
90 Years & Over,Total HDB Dwellings,4594,2001
90 Years & Over,Condominiums & Other Apartments,247,2001
90 Years & Over,Landed Properties,693,2001
90 Years & Over,Other Types Of Dwelling,483,2001
Residents,Total HDB Dwellings,2847905,2002
Residents,Condominiums & Other Apartments,259451,2002
Residents,Landed Properties,242331,2002
Residents,Other Types Of Dwelling,33257,2002
0-4 Years,Total HDB Dwellings,189346,2002
0-4 Years,Condominiums & Other Apartments,17381,2002
0-4 Years,Landed Properties,9815,2002
0-4 Years,Other Types Of Dwelling,1256,2002
5-9 Years,Total HDB Dwellings,211300,2002
5-9 Years,Condominiums & Other Apartments,23769,2002
5-9 Years,Landed Properties,16453,2002
5-9 Years,Other Types Of Dwelling,1670,2002
10-14 Years,Total HDB Dwellings,212574,2002
10-14 Years,Condominiums & Other Apartments,22387,2002
10-14 Years,Landed Properties,21020,2002
10-14 Years,Other Types Of Dwelling,1711,2002
15-19 Years,Total HDB Dwellings,176835,2002
15-19 Years,Condominiums & Other Apartments,14556,2002
15-19 Years,Landed Properties,16875,2002
15-19 Years,Other Types Of Dwelling,1421,2002
20-24 Years,Total HDB Dwellings,185589,2002
20-24 Years,Condominiums & Other Apartments,12945,2002
20-24 Years,Landed Properties,15952,2002
20-24 Years,Other Types Of Dwelling,1827,2002
25-29 Years,Total HDB Dwellings,227740,2002
25-29 Years,Condominiums & Other Apartments,16654,2002
25-29 Years,Landed Properties,15954,2002
25-29 Years,Other Types Of Dwelling,2372,2002
30-34 Years,Total HDB Dwellings,250498,2002
30-34 Years,Condominiums & Other Apartments,22583,2002
30-34 Years,Landed Properties,13778,2002
30-34 Years,Other Types Of Dwelling,2325,2002
35-39 Years,Total HDB Dwellings,271175,2002
35-39 Years,Condominiums & Other Apartments,30000,2002
35-39 Years,Landed Properties,16944,2002
35-39 Years,Other Types Of Dwelling,2634,2002
40-44 Years,Total HDB Dwellings,267001,2002
40-44 Years,Condominiums & Other Apartments,29653,2002
40-44 Years,Landed Properties,21550,2002
40-44 Years,Other Types Of Dwelling,2659,2002
45-49 Years,Total HDB Dwellings,236958,2002
45-49 Years,Condominiums & Other Apartments,24090,2002
45-49 Years,Landed Properties,23081,2002
45-49 Years,Other Types Of Dwelling,2609,2002
50-54 Years,Total HDB Dwellings,190082,2002
50-54 Years,Condominiums & Other Apartments,17088,2002
50-54 Years,Landed Properties,20896,2002
50-54 Years,Other Types Of Dwelling,2301,2002
55-59 Years,Total HDB Dwellings,118421,2002
55-59 Years,Condominiums & Other Apartments,9379,2002
55-59 Years,Landed Properties,13587,2002
55-59 Years,Other Types Of Dwelling,1788,2002
60-64 Years,Total HDB Dwellings,104076,2002
60-64 Years,Condominiums & Other Apartments,6570,2002
60-64 Years,Landed Properties,10968,2002
60-64 Years,Other Types Of Dwelling,1824,2002
65-69 Years,Total HDB Dwellings,75141,2002
65-69 Years,Condominiums & Other Apartments,4396,2002
65-69 Years,Landed Properties,8444,2002
65-69 Years,Other Types Of Dwelling,1606,2002
70-74 Years,Total HDB Dwellings,58231,2002
70-74 Years,Condominiums & Other Apartments,3440,2002
70-74 Years,Landed Properties,7186,2002
70-74 Years,Other Types Of Dwelling,1785,2002
75-79 Years,Total HDB Dwellings,37234,2002
75-79 Years,Condominiums & Other Apartments,2288,2002
75-79 Years,Landed Properties,4650,2002
75-79 Years,Other Types Of Dwelling,1658,2002
80-84 Years,Total HDB Dwellings,20309,2002
80-84 Years,Condominiums & Other Apartments,1312,2002
80-84 Years,Landed Properties,2829,2002
80-84 Years,Other Types Of Dwelling,763,2002
85-89 Years,Total HDB Dwellings,10252,2002
85-89 Years,Condominiums & Other Apartments,672,2002
85-89 Years,Landed Properties,1578,2002
85-89 Years,Other Types Of Dwelling,545,2002
90 Years & Over,Total HDB Dwellings,5143,2002
90 Years & Over,Condominiums & Other Apartments,288,2002
90 Years & Over,Landed Properties,771,2002
90 Years & Over,Other Types Of Dwelling,503,2002
Residents,Total HDB Dwellings,2835299,2003
Residents,Condominiums & Other Apartments,268063,2003
Residents,Landed Properties,233863,2003
Residents,Other Types Of Dwelling,29666,2003
0-4 Years,Total HDB Dwellings,182327,2003
0-4 Years,Condominiums & Other Apartments,17642,2003
0-4 Years,Landed Properties,8908,2003
0-4 Years,Other Types Of Dwelling,1026,2003
5-9 Years,Total HDB Dwellings,206264,2003
5-9 Years,Condominiums & Other Apartments,24095,2003
5-9 Years,Landed Properties,15314,2003
5-9 Years,Other Types Of Dwelling,1371,2003
10-14 Years,Total HDB Dwellings,213264,2003
10-14 Years,Condominiums & Other Apartments,23735,2003
10-14 Years,Landed Properties,20586,2003
10-14 Years,Other Types Of Dwelling,1539,2003
15-19 Years,Total HDB Dwellings,179276,2003
15-19 Years,Condominiums & Other Apartments,16040,2003
15-19 Years,Landed Properties,17438,2003
15-19 Years,Other Types Of Dwelling,1320,2003
20-24 Years,Total HDB Dwellings,184423,2003
20-24 Years,Condominiums & Other Apartments,13645,2003
20-24 Years,Landed Properties,15820,2003
20-24 Years,Other Types Of Dwelling,1524,2003
25-29 Years,Total HDB Dwellings,217438,2003
25-29 Years,Condominiums & Other Apartments,16698,2003
25-29 Years,Landed Properties,14620,2003
25-29 Years,Other Types Of Dwelling,2122,2003
30-34 Years,Total HDB Dwellings,248949,2003
30-34 Years,Condominiums & Other Apartments,23143,2003
30-34 Years,Landed Properties,13091,2003
30-34 Years,Other Types Of Dwelling,2121,2003
35-39 Years,Total HDB Dwellings,262765,2003
35-39 Years,Condominiums & Other Apartments,30125,2003
35-39 Years,Landed Properties,15407,2003
35-39 Years,Other Types Of Dwelling,2346,2003
40-44 Years,Total HDB Dwellings,264585,2003
40-44 Years,Condominiums & Other Apartments,30680,2003
40-44 Years,Landed Properties,20468,2003
40-44 Years,Other Types Of Dwelling,2549,2003
45-49 Years,Total HDB Dwellings,242015,2003
45-49 Years,Condominiums & Other Apartments,25580,2003
45-49 Years,Landed Properties,22673,2003
45-49 Years,Other Types Of Dwelling,2523,2003
50-54 Years,Total HDB Dwellings,193637,2003
50-54 Years,Condominiums & Other Apartments,17367,2003
50-54 Years,Landed Properties,20066,2003
50-54 Years,Other Types Of Dwelling,2110,2003
55-59 Years,Total HDB Dwellings,131123,2003
55-59 Years,Condominiums & Other Apartments,10571,2003
55-59 Years,Landed Properties,14449,2003
55-59 Years,Other Types Of Dwelling,1751,2003
60-64 Years,Total HDB Dwellings,102980,2003
60-64 Years,Condominiums & Other Apartments,6635,2003
60-64 Years,Landed Properties,10499,2003
60-64 Years,Other Types Of Dwelling,1610,2003
65-69 Years,Total HDB Dwellings,75802,2003
65-69 Years,Condominiums & Other Apartments,4423,2003
65-69 Years,Landed Properties,8273,2003
65-69 Years,Other Types Of Dwelling,1385,2003
70-74 Years,Total HDB Dwellings,58325,2003
70-74 Years,Condominiums & Other Apartments,3332,2003
70-74 Years,Landed Properties,6887,2003
70-74 Years,Other Types Of Dwelling,1458,2003
75-79 Years,Total HDB Dwellings,35465,2003
75-79 Years,Condominiums & Other Apartments,2047,2003
75-79 Years,Landed Properties,4239,2003
75-79 Years,Other Types Of Dwelling,1112,2003
80-84 Years,Total HDB Dwellings,20888,2003
80-84 Years,Condominiums & Other Apartments,1344,2003
80-84 Years,Landed Properties,2829,2003
80-84 Years,Other Types Of Dwelling,722,2003
85-89 Years,Total HDB Dwellings,10485,2003
85-89 Years,Condominiums & Other Apartments,660,2003
85-89 Years,Landed Properties,1516,2003
85-89 Years,Other Types Of Dwelling,556,2003
90 Years & Over,Total HDB Dwellings,5288,2003
90 Years & Over,Condominiums & Other Apartments,301,2003
90 Years & Over,Landed Properties,780,2003
90 Years & Over,Other Types Of Dwelling,521,2003
Residents,Total HDB Dwellings,2860404,2004
Residents,Condominiums & Other Apartments,288546,2004
Residents,Landed Properties,235369,2004
Residents,Other Types Of Dwelling,28947,2004
0-4 Years,Total HDB Dwellings,176480,2004
0-4 Years,Condominiums & Other Apartments,18793,2004
0-4 Years,Landed Properties,8572,2004
0-4 Years,Other Types Of Dwelling,974,2004
5-9 Years,Total HDB Dwellings,200233,2004
5-9 Years,Condominiums & Other Apartments,24704,2004
5-9 Years,Landed Properties,14306,2004
5-9 Years,Other Types Of Dwelling,1274,2004
10-14 Years,Total HDB Dwellings,210946,2004
10-14 Years,Condominiums & Other Apartments,24894,2004
10-14 Years,Landed Properties,20071,2004
10-14 Years,Other Types Of Dwelling,1372,2004
15-19 Years,Total HDB Dwellings,188800,2004
15-19 Years,Condominiums & Other Apartments,18426,2004
15-19 Years,Landed Properties,18958,2004
15-19 Years,Other Types Of Dwelling,1233,2004
20-24 Years,Total HDB Dwellings,183668,2004
20-24 Years,Condominiums & Other Apartments,14546,2004
20-24 Years,Landed Properties,15677,2004
20-24 Years,Other Types Of Dwelling,1326,2004
25-29 Years,Total HDB Dwellings,212640,2004
25-29 Years,Condominiums & Other Apartments,17579,2004
25-29 Years,Landed Properties,14491,2004
25-29 Years,Other Types Of Dwelling,2003,2004
30-34 Years,Total HDB Dwellings,250079,2004
30-34 Years,Condominiums & Other Apartments,25197,2004
30-34 Years,Landed Properties,13149,2004
30-34 Years,Other Types Of Dwelling,2064,2004
35-39 Years,Total HDB Dwellings,254807,2004
35-39 Years,Condominiums & Other Apartments,31323,2004
35-39 Years,Landed Properties,14577,2004
35-39 Years,Other Types Of Dwelling,2201,2004
40-44 Years,Total HDB Dwellings,265861,2004
40-44 Years,Condominiums & Other Apartments,32698,2004
40-44 Years,Landed Properties,19968,2004
40-44 Years,Other Types Of Dwelling,2530,2004
45-49 Years,Total HDB Dwellings,247936,2004
45-49 Years,Condominiums & Other Apartments,27579,2004
45-49 Years,Landed Properties,22755,2004
45-49 Years,Other Types Of Dwelling,2401,2004
50-54 Years,Total HDB Dwellings,202095,2004
50-54 Years,Condominiums & Other Apartments,19409,2004
50-54 Years,Landed Properties,20467,2004
50-54 Years,Other Types Of Dwelling,2139,2004
55-59 Years,Total HDB Dwellings,144495,2004
55-59 Years,Condominiums & Other Apartments,12572,2004
55-59 Years,Landed Properties,15882,2004
55-59 Years,Other Types Of Dwelling,1839,2004
60-64 Years,Total HDB Dwellings,103203,2004
60-64 Years,Condominiums & Other Apartments,7237,2004
60-64 Years,Landed Properties,10716,2004
60-64 Years,Other Types Of Dwelling,1580,2004
65-69 Years,Total HDB Dwellings,80743,2004
65-69 Years,Condominiums & Other Apartments,5161,2004
65-69 Years,Landed Properties,8727,2004
65-69 Years,Other Types Of Dwelling,1376,2004
70-74 Years,Total HDB Dwellings,60638,2004
70-74 Years,Condominiums & Other Apartments,3516,2004
70-74 Years,Landed Properties,6961,2004
70-74 Years,Other Types Of Dwelling,1370,2004
75-79 Years,Total HDB Dwellings,39539,2004
75-79 Years,Condominiums & Other Apartments,2372,2004
75-79 Years,Landed Properties,4749,2004
75-79 Years,Other Types Of Dwelling,1215,2004
80-84 Years,Total HDB Dwellings,21667,2004
80-84 Years,Condominiums & Other Apartments,1441,2004
80-84 Years,Landed Properties,2952,2004
80-84 Years,Other Types Of Dwelling,804,2004
85-89 Years,Total HDB Dwellings,10869,2004
85-89 Years,Condominiums & Other Apartments,748,2004
85-89 Years,Landed Properties,1574,2004
85-89 Years,Other Types Of Dwelling,587,2004
90 Years & Over,Total HDB Dwellings,5705,2004
90 Years & Over,Condominiums & Other Apartments,351,2004
90 Years & Over,Landed Properties,817,2004
90 Years & Over,Other Types Of Dwelling,659,2004
Residents,Total HDB Dwellings,2887618,2005
Residents,Condominiums & Other Apartments,312134,2005
Residents,Landed Properties,237295,2005
Residents,Other Types Of Dwelling,30767,2005
0-4 Years,Total HDB Dwellings,170163,2005
0-4 Years,Condominiums & Other Apartments,20002,2005
0-4 Years,Landed Properties,8380,2005
0-4 Years,Other Types Of Dwelling,984,2005
5-9 Years,Total HDB Dwellings,196380,2005
5-9 Years,Condominiums & Other Apartments,26123,2005
5-9 Years,Landed Properties,13576,2005
5-9 Years,Other Types Of Dwelling,1158,2005
10-14 Years,Total HDB Dwellings,210815,2005
10-14 Years,Condominiums & Other Apartments,26700,2005
10-14 Years,Landed Properties,19693,2005
10-14 Years,Other Types Of Dwelling,1345,2005
15-19 Years,Total HDB Dwellings,194002,2005
15-19 Years,Condominiums & Other Apartments,20164,2005
15-19 Years,Landed Properties,19539,2005
15-19 Years,Other Types Of Dwelling,1216,2005
20-24 Years,Total HDB Dwellings,185863,2005
20-24 Years,Condominiums & Other Apartments,15745,2005
20-24 Years,Landed Properties,16025,2005
20-24 Years,Other Types Of Dwelling,1318,2005
25-29 Years,Total HDB Dwellings,212425,2005
25-29 Years,Condominiums & Other Apartments,18875,2005
25-29 Years,Landed Properties,14577,2005
25-29 Years,Other Types Of Dwelling,1922,2005
30-34 Years,Total HDB Dwellings,250802,2005
30-34 Years,Condominiums & Other Apartments,27376,2005
30-34 Years,Landed Properties,13092,2005
30-34 Years,Other Types Of Dwelling,2144,2005
35-39 Years,Total HDB Dwellings,249582,2005
35-39 Years,Condominiums & Other Apartments,33361,2005
35-39 Years,Landed Properties,14026,2005
35-39 Years,Other Types Of Dwelling,2184,2005
40-44 Years,Total HDB Dwellings,264773,2005
40-44 Years,Condominiums & Other Apartments,34886,2005
40-44 Years,Landed Properties,19290,2005
40-44 Years,Other Types Of Dwelling,2523,2005
45-49 Years,Total HDB Dwellings,252963,2005
45-49 Years,Condominiums & Other Apartments,29676,2005
45-49 Years,Landed Properties,22503,2005
45-49 Years,Other Types Of Dwelling,2404,2005
50-54 Years,Total HDB Dwellings,209558,2005
50-54 Years,Condominiums & Other Apartments,21418,2005
50-54 Years,Landed Properties,20941,2005
50-54 Years,Other Types Of Dwelling,2251,2005
55-59 Years,Total HDB Dwellings,163160,2005
55-59 Years,Condominiums & Other Apartments,14708,2005
55-59 Years,Landed Properties,17863,2005
55-59 Years,Other Types Of Dwelling,2072,2005
60-64 Years,Total HDB Dwellings,97994,2005
60-64 Years,Condominiums & Other Apartments,7610,2005
60-64 Years,Landed Properties,10407,2005
60-64 Years,Other Types Of Dwelling,1564,2005
65-69 Years,Total HDB Dwellings,84450,2005
65-69 Years,Condominiums & Other Apartments,5969,2005
65-69 Years,Landed Properties,9155,2005
65-69 Years,Other Types Of Dwelling,1514,2005
70-74 Years,Total HDB Dwellings,63895,2005
70-74 Years,Condominiums & Other Apartments,3886,2005
70-74 Years,Landed Properties,7220,2005
70-74 Years,Other Types Of Dwelling,1544,2005
75-79 Years,Total HDB Dwellings,41998,2005
75-79 Years,Condominiums & Other Apartments,2809,2005
75-79 Years,Landed Properties,5291,2005
75-79 Years,Other Types Of Dwelling,1503,2005
80-84 Years,Total HDB Dwellings,22107,2005
80-84 Years,Condominiums & Other Apartments,1540,2005
80-84 Years,Landed Properties,3085,2005
80-84 Years,Other Types Of Dwelling,1147,2005
85-89 Years,Total HDB Dwellings,11039,2005
85-89 Years,Condominiums & Other Apartments,865,2005
85-89 Years,Landed Properties,1717,2005
85-89 Years,Other Types Of Dwelling,893,2005
90 Years & Over,Total HDB Dwellings,5649,2005
90 Years & Over,Condominiums & Other Apartments,421,2005
90 Years & Over,Landed Properties,915,2005
90 Years & Over,Other Types Of Dwelling,1081,2005
Residents,Total HDB Dwellings,2921412,2006
Residents,Condominiums & Other Apartments,335199,2006
Residents,Landed Properties,238516,2006
Residents,Other Types Of Dwelling,30767,2006
0-4 Years,Total HDB Dwellings,164278,2006
0-4 Years,Condominiums & Other Apartments,21161,2006
0-4 Years,Landed Properties,8049,2006
0-4 Years,Other Types Of Dwelling,991,2006
5-9 Years,Total HDB Dwellings,193559,2006
5-9 Years,Condominiums & Other Apartments,27311,2006
5-9 Years,Landed Properties,13114,2006
5-9 Years,Other Types Of Dwelling,1220,2006
10-14 Years,Total HDB Dwellings,208232,2006
10-14 Years,Condominiums & Other Apartments,28160,2006
10-14 Years,Landed Properties,18783,2006
10-14 Years,Other Types Of Dwelling,1307,2006
15-19 Years,Total HDB Dwellings,202341,2006
15-19 Years,Condominiums & Other Apartments,22408,2006
15-19 Years,Landed Properties,20535,2006
15-19 Years,Other Types Of Dwelling,1263,2006
20-24 Years,Total HDB Dwellings,185583,2006
20-24 Years,Condominiums & Other Apartments,16562,2006
20-24 Years,Landed Properties,16180,2006
20-24 Years,Other Types Of Dwelling,1306,2006
25-29 Years,Total HDB Dwellings,214873,2006
25-29 Years,Condominiums & Other Apartments,20115,2006
25-29 Years,Landed Properties,14727,2006
25-29 Years,Other Types Of Dwelling,1944,2006
30-34 Years,Total HDB Dwellings,248802,2006
30-34 Years,Condominiums & Other Apartments,29243,2006
30-34 Years,Landed Properties,13018,2006
30-34 Years,Other Types Of Dwelling,2188,2006
35-39 Years,Total HDB Dwellings,246224,2006
35-39 Years,Condominiums & Other Apartments,35766,2006
35-39 Years,Landed Properties,13909,2006
35-39 Years,Other Types Of Dwelling,2304,2006
40-44 Years,Total HDB Dwellings,264759,2006
40-44 Years,Condominiums & Other Apartments,37069,2006
40-44 Years,Landed Properties,18616,2006
40-44 Years,Other Types Of Dwelling,2573,2006
45-49 Years,Total HDB Dwellings,256658,2006
45-49 Years,Condominiums & Other Apartments,31633,2006
45-49 Years,Landed Properties,22206,2006
45-49 Years,Other Types Of Dwelling,2361,2006
50-54 Years,Total HDB Dwellings,219772,2006
50-54 Years,Condominiums & Other Apartments,23631,2006
50-54 Years,Landed Properties,21323,2006
50-54 Years,Other Types Of Dwelling,2268,2006
55-59 Years,Total HDB Dwellings,176833,2006
55-59 Years,Condominiums & Other Apartments,16692,2006
55-59 Years,Landed Properties,18955,2006
55-59 Years,Other Types Of Dwelling,2121,2006
60-64 Years,Total HDB Dwellings,97796,2006
60-64 Years,Condominiums & Other Apartments,8353,2006
60-64 Years,Landed Properties,10658,2006
60-64 Years,Other Types Of Dwelling,1435,2006
65-69 Years,Total HDB Dwellings,91061,2006
65-69 Years,Condominiums & Other Apartments,6745,2006
65-69 Years,Landed Properties,9466,2006
65-69 Years,Other Types Of Dwelling,1565,2006
70-74 Years,Total HDB Dwellings,65303,2006
70-74 Years,Condominiums & Other Apartments,4223,2006
70-74 Years,Landed Properties,7370,2006
70-74 Years,Other Types Of Dwelling,1421,2006
75-79 Years,Total HDB Dwellings,44335,2006
75-79 Years,Condominiums & Other Apartments,3042,2006
75-79 Years,Landed Properties,5581,2006
75-79 Years,Other Types Of Dwelling,1455,2006
80-84 Years,Total HDB Dwellings,23407,2006
80-84 Years,Condominiums & Other Apartments,1686,2006
80-84 Years,Landed Properties,3177,2006
80-84 Years,Other Types Of Dwelling,1173,2006
85-89 Years,Total HDB Dwellings,11606,2006
85-89 Years,Condominiums & Other Apartments,938,2006
85-89 Years,Landed Properties,1850,2006
85-89 Years,Other Types Of Dwelling,812,2006
90 Years & Over,Total HDB Dwellings,5990,2006
90 Years & Over,Condominiums & Other Apartments,461,2006
90 Years & Over,Landed Properties,999,2006
90 Years & Over,Other Types Of Dwelling,1060,2006
Residents,Total HDB Dwellings,2962077,2007
Residents,Condominiums & Other Apartments,348155,2007
Residents,Landed Properties,240877,2007
Residents,Other Types Of Dwelling,31973,2007
0-4 Years,Total HDB Dwellings,162664,2007
0-4 Years,Condominiums & Other Apartments,21548,2007
0-4 Years,Landed Properties,8313,2007
0-4 Years,Other Types Of Dwelling,1101,2007
5-9 Years,Total HDB Dwellings,188021,2007
5-9 Years,Condominiums & Other Apartments,27483,2007
5-9 Years,Landed Properties,12662,2007
5-9 Years,Other Types Of Dwelling,1375,2007
10-14 Years,Total HDB Dwellings,206529,2007
10-14 Years,Condominiums & Other Apartments,29153,2007
10-14 Years,Landed Properties,18239,2007
10-14 Years,Other Types Of Dwelling,1371,2007
15-19 Years,Total HDB Dwellings,210289,2007
15-19 Years,Condominiums & Other Apartments,24277,2007
15-19 Years,Landed Properties,21364,2007
15-19 Years,Other Types Of Dwelling,1368,2007
20-24 Years,Total HDB Dwellings,184184,2007
20-24 Years,Condominiums & Other Apartments,16789,2007
20-24 Years,Landed Properties,16190,2007
20-24 Years,Other Types Of Dwelling,1322,2007
25-29 Years,Total HDB Dwellings,217963,2007
25-29 Years,Condominiums & Other Apartments,20022,2007
25-29 Years,Landed Properties,14508,2007
25-29 Years,Other Types Of Dwelling,2030,2007
30-34 Years,Total HDB Dwellings,249368,2007
30-34 Years,Condominiums & Other Apartments,29360,2007
30-34 Years,Landed Properties,13312,2007
30-34 Years,Other Types Of Dwelling,2413,2007
35-39 Years,Total HDB Dwellings,247895,2007
35-39 Years,Condominiums & Other Apartments,37304,2007
35-39 Years,Landed Properties,14331,2007
35-39 Years,Other Types Of Dwelling,2443,2007
40-44 Years,Total HDB Dwellings,261968,2007
40-44 Years,Condominiums & Other Apartments,38405,2007
40-44 Years,Landed Properties,18051,2007
40-44 Years,Other Types Of Dwelling,2625,2007
45-49 Years,Total HDB Dwellings,258362,2007
45-49 Years,Condominiums & Other Apartments,32934,2007
45-49 Years,Landed Properties,21797,2007
45-49 Years,Other Types Of Dwelling,2459,2007
50-54 Years,Total HDB Dwellings,229673,2007
50-54 Years,Condominiums & Other Apartments,25300,2007
50-54 Years,Landed Properties,21845,2007
50-54 Years,Other Types Of Dwelling,2402,2007
55-59 Years,Total HDB Dwellings,182376,2007
55-59 Years,Condominiums & Other Apartments,17511,2007
55-59 Years,Landed Properties,18968,2007
55-59 Years,Other Types Of Dwelling,2128,2007
60-64 Years,Total HDB Dwellings,111864,2007
60-64 Years,Condominiums & Other Apartments,9887,2007
60-64 Years,Landed Properties,12165,2007
60-64 Years,Other Types Of Dwelling,1585,2007
65-69 Years,Total HDB Dwellings,95348,2007
65-69 Years,Condominiums & Other Apartments,7153,2007
65-69 Years,Landed Properties,9627,2007
65-69 Years,Other Types Of Dwelling,1629,2007
70-74 Years,Total HDB Dwellings,65404,2007
70-74 Years,Condominiums & Other Apartments,4496,2007
70-74 Years,Landed Properties,7346,2007
70-74 Years,Other Types Of Dwelling,1385,2007
75-79 Years,Total HDB Dwellings,46288,2007
75-79 Years,Condominiums & Other Apartments,3209,2007
75-79 Years,Landed Properties,5820,2007
75-79 Years,Other Types Of Dwelling,1415,2007
80-84 Years,Total HDB Dwellings,25134,2007
80-84 Years,Condominiums & Other Apartments,1837,2007
80-84 Years,Landed Properties,3370,2007
80-84 Years,Other Types Of Dwelling,1178,2007
85-89 Years,Total HDB Dwellings,12296,2007
85-89 Years,Condominiums & Other Apartments,988,2007
85-89 Years,Landed Properties,1886,2007
85-89 Years,Other Types Of Dwelling,753,2007
90 Years & Over,Total HDB Dwellings,6451,2007
90 Years & Over,Condominiums & Other Apartments,499,2007
90 Years & Over,Landed Properties,1083,2007
90 Years & Over,Other Types Of Dwelling,991,2007
Residents,Total HDB Dwellings,3017728,2008
Residents,Condominiums & Other Apartments,344689,2008
Residents,Landed Properties,242625,2008
Residents,Other Types Of Dwelling,37617,2008
0-4 Years,Total HDB Dwellings,163479,2008
0-4 Years,Condominiums & Other Apartments,20642,2008
0-4 Years,Landed Properties,8595,2008
0-4 Years,Other Types Of Dwelling,1173,2008
5-9 Years,Total HDB Dwellings,184061,2008
5-9 Years,Condominiums & Other Apartments,25929,2008
5-9 Years,Landed Properties,12287,2008
5-9 Years,Other Types Of Dwelling,1345,2008
10-14 Years,Total HDB Dwellings,206166,2008
10-14 Years,Condominiums & Other Apartments,28718,2008
10-14 Years,Landed Properties,17432,2008
10-14 Years,Other Types Of Dwelling,1480,2008
15-19 Years,Total HDB Dwellings,214637,2008
15-19 Years,Condominiums & Other Apartments,25238,2008
15-19 Years,Landed Properties,21334,2008
15-19 Years,Other Types Of Dwelling,1647,2008
20-24 Years,Total HDB Dwellings,189599,2008
20-24 Years,Condominiums & Other Apartments,17267,2008
20-24 Years,Landed Properties,16908,2008
20-24 Years,Other Types Of Dwelling,1611,2008
25-29 Years,Total HDB Dwellings,226896,2008
25-29 Years,Condominiums & Other Apartments,19107,2008
25-29 Years,Landed Properties,14810,2008
25-29 Years,Other Types Of Dwelling,2301,2008
30-34 Years,Total HDB Dwellings,247159,2008
30-34 Years,Condominiums & Other Apartments,26880,2008
30-34 Years,Landed Properties,13171,2008
30-34 Years,Other Types Of Dwelling,2607,2008
35-39 Years,Total HDB Dwellings,253244,2008
35-39 Years,Condominiums & Other Apartments,36543,2008
35-39 Years,Landed Properties,14807,2008
35-39 Years,Other Types Of Dwelling,2649,2008
40-44 Years,Total HDB Dwellings,259563,2008
40-44 Years,Condominiums & Other Apartments,37555,2008
40-44 Years,Landed Properties,17503,2008
40-44 Years,Other Types Of Dwelling,2742,2008
45-49 Years,Total HDB Dwellings,260599,2008
45-49 Years,Condominiums & Other Apartments,33289,2008
45-49 Years,Landed Properties,21433,2008
45-49 Years,Other Types Of Dwelling,2757,2008
50-54 Years,Total HDB Dwellings,238500,2008
50-54 Years,Condominiums & Other Apartments,26088,2008
50-54 Years,Landed Properties,22098,2008
50-54 Years,Other Types Of Dwelling,2503,2008
55-59 Years,Total HDB Dwellings,190143,2008
55-59 Years,Condominiums & Other Apartments,17846,2008
55-59 Years,Landed Properties,19062,2008
55-59 Years,Other Types Of Dwelling,2305,2008
60-64 Years,Total HDB Dwellings,126698,2008
60-64 Years,Condominiums & Other Apartments,11082,2008
60-64 Years,Landed Properties,13488,2008
60-64 Years,Other Types Of Dwelling,1893,2008
65-69 Years,Total HDB Dwellings,96395,2008
65-69 Years,Condominiums & Other Apartments,7268,2008
65-69 Years,Landed Properties,9596,2008
65-69 Years,Other Types Of Dwelling,1926,2008
70-74 Years,Total HDB Dwellings,67366,2008
70-74 Years,Condominiums & Other Apartments,4671,2008
70-74 Years,Landed Properties,7499,2008
70-74 Years,Other Types Of Dwelling,1771,2008
75-79 Years,Total HDB Dwellings,47787,2008
75-79 Years,Condominiums & Other Apartments,3217,2008
75-79 Years,Landed Properties,6002,2008
75-79 Years,Other Types Of Dwelling,1995,2008
80-84 Years,Total HDB Dwellings,26570,2008
80-84 Years,Condominiums & Other Apartments,1890,2008
80-84 Years,Landed Properties,3559,2008
80-84 Years,Other Types Of Dwelling,1863,2008
85-89 Years,Total HDB Dwellings,12456,2008
85-89 Years,Condominiums & Other Apartments,977,2008
85-89 Years,Landed Properties,1937,2008
85-89 Years,Other Types Of Dwelling,1364,2008
90 Years & Over,Total HDB Dwellings,6410,2008
90 Years & Over,Condominiums & Other Apartments,482,2008
90 Years & Over,Landed Properties,1104,2008
90 Years & Over,Other Types Of Dwelling,1685,2008
Residents,Total HDB Dwellings,3090463,2009
Residents,Condominiums & Other Apartments,357532,2009
Residents,Landed Properties,246126,2009
Residents,Other Types Of Dwelling,39755,2009
0-4 Years,Total HDB Dwellings,166987,2009
0-4 Years,Condominiums & Other Apartments,20791,2009
0-4 Years,Landed Properties,8764,2009
0-4 Years,Other Types Of Dwelling,1246,2009
5-9 Years,Total HDB Dwellings,181898,2009
5-9 Years,Condominiums & Other Apartments,26238,2009
5-9 Years,Landed Properties,11958,2009
5-9 Years,Other Types Of Dwelling,1341,2009
10-14 Years,Total HDB Dwellings,202214,2009
10-14 Years,Condominiums & Other Apartments,28407,2009
10-14 Years,Landed Properties,16551,2009
10-14 Years,Other Types Of Dwelling,1456,2009
15-19 Years,Total HDB Dwellings,214281,2009
15-19 Years,Condominiums & Other Apartments,25966,2009
15-19 Years,Landed Properties,20866,2009
15-19 Years,Other Types Of Dwelling,1662,2009
20-24 Years,Total HDB Dwellings,201936,2009
20-24 Years,Condominiums & Other Apartments,19244,2009
20-24 Years,Landed Properties,18584,2009
20-24 Years,Other Types Of Dwelling,1989,2009
25-29 Years,Total HDB Dwellings,236524,2009
25-29 Years,Condominiums & Other Apartments,20111,2009
25-29 Years,Landed Properties,15044,2009
25-29 Years,Other Types Of Dwelling,2629,2009
30-34 Years,Total HDB Dwellings,253442,2009
30-34 Years,Condominiums & Other Apartments,27513,2009
30-34 Years,Landed Properties,13400,2009
30-34 Years,Other Types Of Dwelling,2885,2009
35-39 Years,Total HDB Dwellings,261611,2009
35-39 Years,Condominiums & Other Apartments,37660,2009
35-39 Years,Landed Properties,15223,2009
35-39 Years,Other Types Of Dwelling,2817,2009
40-44 Years,Total HDB Dwellings,255239,2009
40-44 Years,Condominiums & Other Apartments,38159,2009
40-44 Years,Landed Properties,16924,2009
40-44 Years,Other Types Of Dwelling,2661,2009
45-49 Years,Total HDB Dwellings,263613,2009
45-49 Years,Condominiums & Other Apartments,34868,2009
45-49 Years,Landed Properties,21152,2009
45-49 Years,Other Types Of Dwelling,2864,2009
50-54 Years,Total HDB Dwellings,245139,2009
50-54 Years,Condominiums & Other Apartments,27296,2009
50-54 Years,Landed Properties,22358,2009
50-54 Years,Other Types Of Dwelling,2590,2009
55-59 Years,Total HDB Dwellings,198918,2009
55-59 Years,Condominiums & Other Apartments,19199,2009
55-59 Years,Landed Properties,19487,2009
55-59 Years,Other Types Of Dwelling,2343,2009
60-64 Years,Total HDB Dwellings,140100,2009
60-64 Years,Condominiums & Other Apartments,12699,2009
60-64 Years,Landed Properties,14817,2009
60-64 Years,Other Types Of Dwelling,2080,2009
65-69 Years,Total HDB Dwellings,97159,2009
65-69 Years,Condominiums & Other Apartments,7362,2009
65-69 Years,Landed Properties,9848,2009
65-69 Years,Other Types Of Dwelling,1889,2009
70-74 Years,Total HDB Dwellings,72454,2009
70-74 Years,Condominiums & Other Apartments,5152,2009
70-74 Years,Landed Properties,7959,2009
70-74 Years,Other Types Of Dwelling,1863,2009
75-79 Years,Total HDB Dwellings,50092,2009
75-79 Years,Condominiums & Other Apartments,3316,2009
75-79 Years,Landed Properties,6057,2009
75-79 Years,Other Types Of Dwelling,2025,2009
80-84 Years,Total HDB Dwellings,29116,2009
80-84 Years,Condominiums & Other Apartments,2062,2009
80-84 Years,Landed Properties,3922,2009
80-84 Years,Other Types Of Dwelling,2043,2009
85-89 Years,Total HDB Dwellings,13011,2009
85-89 Years,Condominiums & Other Apartments,963,2009
85-89 Years,Landed Properties,2053,2009
85-89 Years,Other Types Of Dwelling,1542,2009
90 Years & Over,Total HDB Dwellings,6729,2009
90 Years & Over,Condominiums & Other Apartments,526,2009
90 Years & Over,Landed Properties,1159,2009
90 Years & Over,Other Types Of Dwelling,1830,2009
Residents,Total HDB Dwellings,3111083,2010
Residents,Condominiums & Other Apartments,373852,2010
Residents,Landed Properties,248189,2010
Residents,Other Types Of Dwelling,38597,2010
0-4 Years,Total HDB Dwellings,163155,2010
0-4 Years,Condominiums & Other Apartments,21285,2010
0-4 Years,Landed Properties,8934,2010
0-4 Years,Other Types Of Dwelling,1058,2010
5-9 Years,Total HDB Dwellings,175721,2010
5-9 Years,Condominiums & Other Apartments,26736,2010
5-9 Years,Landed Properties,11989,2010
5-9 Years,Other Types Of Dwelling,1229,2010
10-14 Years,Total HDB Dwellings,198219,2010
10-14 Years,Condominiums & Other Apartments,28821,2010
10-14 Years,Landed Properties,15942,2010
10-14 Years,Other Types Of Dwelling,1320,2010
15-19 Years,Total HDB Dwellings,214395,2010
15-19 Years,Condominiums & Other Apartments,27249,2010
15-19 Years,Landed Properties,20556,2010
15-19 Years,Other Types Of Dwelling,1550,2010
20-24 Years,Total HDB Dwellings,205486,2010
20-24 Years,Condominiums & Other Apartments,20575,2010
20-24 Years,Landed Properties,19059,2010
20-24 Years,Other Types Of Dwelling,2070,2010
25-29 Years,Total HDB Dwellings,233875,2010
25-29 Years,Condominiums & Other Apartments,20898,2010
25-29 Years,Landed Properties,15481,2010
25-29 Years,Other Types Of Dwelling,2385,2010
30-34 Years,Total HDB Dwellings,253751,2010
30-34 Years,Condominiums & Other Apartments,28731,2010
30-34 Years,Landed Properties,13498,2010
30-34 Years,Other Types Of Dwelling,2707,2010
35-39 Years,Total HDB Dwellings,262331,2010
35-39 Years,Condominiums & Other Apartments,39458,2010
35-39 Years,Landed Properties,15482,2010
35-39 Years,Other Types Of Dwelling,2753,2010
40-44 Years,Total HDB Dwellings,250582,2010
40-44 Years,Condominiums & Other Apartments,39444,2010
40-44 Years,Landed Properties,16862,2010
40-44 Years,Other Types Of Dwelling,2553,2010
45-49 Years,Total HDB Dwellings,263601,2010
45-49 Years,Condominiums & Other Apartments,36385,2010
45-49 Years,Landed Properties,20672,2010
45-49 Years,Other Types Of Dwelling,2801,2010
50-54 Years,Total HDB Dwellings,249941,2010
50-54 Years,Condominiums & Other Apartments,28639,2010
50-54 Years,Landed Properties,21911,2010
50-54 Years,Other Types Of Dwelling,2553,2010
55-59 Years,Total HDB Dwellings,206206,2010
55-59 Years,Condominiums & Other Apartments,20489,2010
55-59 Years,Landed Properties,19608,2010
55-59 Years,Other Types Of Dwelling,2393,2010
60-64 Years,Total HDB Dwellings,158647,2010
60-64 Years,Condominiums & Other Apartments,14547,2010
60-64 Years,Landed Properties,16502,2010
60-64 Years,Other Types Of Dwelling,2299,2010
65-69 Years,Total HDB Dwellings,92739,2010
65-69 Years,Condominiums & Other Apartments,7507,2010
65-69 Years,Landed Properties,9526,2010
65-69 Years,Other Types Of Dwelling,1739,2010
70-74 Years,Total HDB Dwellings,76784,2010
70-74 Years,Condominiums & Other Apartments,5705,2010
70-74 Years,Landed Properties,8272,2010
70-74 Years,Other Types Of Dwelling,1857,2010
75-79 Years,Total HDB Dwellings,53333,2010
75-79 Years,Condominiums & Other Apartments,3552,2010
75-79 Years,Landed Properties,6284,2010
75-79 Years,Other Types Of Dwelling,2009,2010
80-84 Years,Total HDB Dwellings,31332,2010
80-84 Years,Condominiums & Other Apartments,2246,2010
80-84 Years,Landed Properties,4249,2010
80-84 Years,Other Types Of Dwelling,2012,2010
85-89 Years,Total HDB Dwellings,13844,2010
85-89 Years,Condominiums & Other Apartments,1000,2010
85-89 Years,Landed Properties,2105,2010
85-89 Years,Other Types Of Dwelling,1532,2010
90 Years & Over,Total HDB Dwellings,7141,2010
90 Years & Over,Condominiums & Other Apartments,585,2010
90 Years & Over,Landed Properties,1257,2010
90 Years & Over,Other Types Of Dwelling,1777,2010
Residents,Total HDB Dwellings,3120823,2011
Residents,Condominiums & Other Apartments,383257,2011
Residents,Landed Properties,247556,2011
Residents,Other Types Of Dwelling,37615,2011
0-4 Years,Total HDB Dwellings,157545,2011
0-4 Years,Condominiums & Other Apartments,21015,2011
0-4 Years,Landed Properties,8803,2011
0-4 Years,Other Types Of Dwelling,886,2011
5-9 Years,Total HDB Dwellings,168973,2011
5-9 Years,Condominiums & Other Apartments,26440,2011
5-9 Years,Landed Properties,11519,2011
5-9 Years,Other Types Of Dwelling,1187,2011
10-14 Years,Total HDB Dwellings,195124,2011
10-14 Years,Condominiums & Other Apartments,28560,2011
10-14 Years,Landed Properties,15545,2011
10-14 Years,Other Types Of Dwelling,1307,2011
15-19 Years,Total HDB Dwellings,211810,2011
15-19 Years,Condominiums & Other Apartments,27992,2011
15-19 Years,Landed Properties,19509,2011
15-19 Years,Other Types Of Dwelling,1427,2011
20-24 Years,Total HDB Dwellings,211443,2011
20-24 Years,Condominiums & Other Apartments,21898,2011
20-24 Years,Landed Properties,19909,2011
20-24 Years,Other Types Of Dwelling,1819,2011
25-29 Years,Total HDB Dwellings,225138,2011
25-29 Years,Condominiums & Other Apartments,20179,2011
25-29 Years,Landed Properties,15273,2011
25-29 Years,Other Types Of Dwelling,2016,2011
30-34 Years,Total HDB Dwellings,253474,2011
30-34 Years,Condominiums & Other Apartments,28321,2011
30-34 Years,Landed Properties,13337,2011
30-34 Years,Other Types Of Dwelling,2423,2011
35-39 Years,Total HDB Dwellings,258711,2011
35-39 Years,Condominiums & Other Apartments,39674,2011
35-39 Years,Landed Properties,15056,2011
35-39 Years,Other Types Of Dwelling,2720,2011
40-44 Years,Total HDB Dwellings,246738,2011
40-44 Years,Condominiums & Other Apartments,40626,2011
40-44 Years,Landed Properties,16777,2011
40-44 Years,Other Types Of Dwelling,2473,2011
45-49 Years,Total HDB Dwellings,263727,2011
45-49 Years,Condominiums & Other Apartments,37578,2011
45-49 Years,Landed Properties,19973,2011
45-49 Years,Other Types Of Dwelling,2713,2011
50-54 Years,Total HDB Dwellings,253979,2011
50-54 Years,Condominiums & Other Apartments,29979,2011
50-54 Years,Landed Properties,21586,2011
50-54 Years,Other Types Of Dwelling,2586,2011
55-59 Years,Total HDB Dwellings,216258,2011
55-59 Years,Condominiums & Other Apartments,22215,2011
55-59 Years,Landed Properties,19760,2011
55-59 Years,Other Types Of Dwelling,2445,2011
60-64 Years,Total HDB Dwellings,171949,2011
60-64 Years,Condominiums & Other Apartments,16208,2011
60-64 Years,Landed Properties,17556,2011
60-64 Years,Other Types Of Dwelling,2447,2011
65-69 Years,Total HDB Dwellings,92727,2011
65-69 Years,Condominiums & Other Apartments,8089,2011
65-69 Years,Landed Properties,9888,2011
65-69 Years,Other Types Of Dwelling,1692,2011
70-74 Years,Total HDB Dwellings,83082,2011
70-74 Years,Condominiums & Other Apartments,6365,2011
70-74 Years,Landed Properties,8570,2011
70-74 Years,Other Types Of Dwelling,2056,2011
75-79 Years,Total HDB Dwellings,54675,2011
75-79 Years,Condominiums & Other Apartments,3850,2011
75-79 Years,Landed Properties,6396,2011
75-79 Years,Other Types Of Dwelling,1988,2011
80-84 Years,Total HDB Dwellings,33086,2011
80-84 Years,Condominiums & Other Apartments,2497,2011
80-84 Years,Landed Properties,4524,2011
80-84 Years,Other Types Of Dwelling,2038,2011
85-89 Years,Total HDB Dwellings,14816,2011
85-89 Years,Condominiums & Other Apartments,1132,2011
85-89 Years,Landed Properties,2188,2011
85-89 Years,Other Types Of Dwelling,1620,2011
90 Years & Over,Total HDB Dwellings,7568,2011
90 Years & Over,Condominiums & Other Apartments,639,2011
90 Years & Over,Landed Properties,1387,2011
90 Years & Over,Other Types Of Dwelling,1772,2011
Residents,Total HDB Dwellings,3136924,2012
Residents,Condominiums & Other Apartments,393721,2012
Residents,Landed Properties,249548,2012
Residents,Other Types Of Dwelling,38012,2012
0-4 Years,Total HDB Dwellings,155549,2012
0-4 Years,Condominiums & Other Apartments,21235,2012
0-4 Years,Landed Properties,8929,2012
0-4 Years,Other Types Of Dwelling,960,2012
5-9 Years,Total HDB Dwellings,166489,2012
5-9 Years,Condominiums & Other Apartments,27063,2012
5-9 Years,Landed Properties,11600,2012
5-9 Years,Other Types Of Dwelling,1172,2012
10-14 Years,Total HDB Dwellings,188562,2012
10-14 Years,Condominiums & Other Apartments,28456,2012
10-14 Years,Landed Properties,15076,2012
10-14 Years,Other Types Of Dwelling,1226,2012
15-19 Years,Total HDB Dwellings,209863,2012
15-19 Years,Condominiums & Other Apartments,28551,2012
15-19 Years,Landed Properties,19015,2012
15-19 Years,Other Types Of Dwelling,1432,2012
20-24 Years,Total HDB Dwellings,218221,2012
20-24 Years,Condominiums & Other Apartments,23409,2012
20-24 Years,Landed Properties,20745,2012
20-24 Years,Other Types Of Dwelling,2131,2012
25-29 Years,Total HDB Dwellings,217667,2012
25-29 Years,Condominiums & Other Apartments,19695,2012
25-29 Years,Landed Properties,15313,2012
25-29 Years,Other Types Of Dwelling,1907,2012
30-34 Years,Total HDB Dwellings,252074,2012
30-34 Years,Condominiums & Other Apartments,27818,2012
30-34 Years,Landed Properties,13058,2012
30-34 Years,Other Types Of Dwelling,2446,2012
35-39 Years,Total HDB Dwellings,256374,2012
35-39 Years,Condominiums & Other Apartments,39944,2012
35-39 Years,Landed Properties,14962,2012
35-39 Years,Other Types Of Dwelling,2690,2012
40-44 Years,Total HDB Dwellings,246762,2012
40-44 Years,Condominiums & Other Apartments,42476,2012
40-44 Years,Landed Properties,17095,2012
40-44 Years,Other Types Of Dwelling,2490,2012
45-49 Years,Total HDB Dwellings,260192,2012
45-49 Years,Condominiums & Other Apartments,38484,2012
45-49 Years,Landed Properties,19460,2012
45-49 Years,Other Types Of Dwelling,2789,2012
50-54 Years,Total HDB Dwellings,255239,2012
50-54 Years,Condominiums & Other Apartments,31231,2012
50-54 Years,Landed Properties,21251,2012
50-54 Years,Other Types Of Dwelling,2655,2012
55-59 Years,Total HDB Dwellings,225488,2012
55-59 Years,Condominiums & Other Apartments,23473,2012
55-59 Years,Landed Properties,20350,2012
55-59 Years,Other Types Of Dwelling,2506,2012
60-64 Years,Total HDB Dwellings,177048,2012
60-64 Years,Condominiums & Other Apartments,17016,2012
60-64 Years,Landed Properties,17580,2012
60-64 Years,Other Types Of Dwelling,2352,2012
65-69 Years,Total HDB Dwellings,106322,2012
65-69 Years,Condominiums & Other Apartments,9527,2012
65-69 Years,Landed Properties,11218,2012
65-69 Years,Other Types Of Dwelling,1812,2012
70-74 Years,Total HDB Dwellings,86768,2012
70-74 Years,Condominiums & Other Apartments,6734,2012
70-74 Years,Landed Properties,8842,2012
70-74 Years,Other Types Of Dwelling,2070,2012
75-79 Years,Total HDB Dwellings,55218,2012
75-79 Years,Condominiums & Other Apartments,4118,2012
75-79 Years,Landed Properties,6434,2012
75-79 Years,Other Types Of Dwelling,1905,2012
80-84 Years,Total HDB Dwellings,34738,2012
80-84 Years,Condominiums & Other Apartments,2552,2012
80-84 Years,Landed Properties,4814,2012
80-84 Years,Other Types Of Dwelling,2011,2012
85-89 Years,Total HDB Dwellings,16192,2012
85-89 Years,Condominiums & Other Apartments,1266,2012
85-89 Years,Landed Properties,2348,2012
85-89 Years,Other Types Of Dwelling,1697,2012
90 Years & Over,Total HDB Dwellings,8158,2012
90 Years & Over,Condominiums & Other Apartments,673,2012
90 Years & Over,Landed Properties,1458,2012
90 Years & Over,Other Types Of Dwelling,1761,2012
Residents,Total HDB Dwellings,3147634,2013
Residents,Condominiums & Other Apartments,407454,2013
Residents,Landed Properties,251347,2013
Residents,Other Types Of Dwelling,38316,2013
0-4 Years,Total HDB Dwellings,152005,2013
0-4 Years,Condominiums & Other Apartments,21407,2013
0-4 Years,Landed Properties,8977,2013
0-4 Years,Other Types Of Dwelling,906,2013
5-9 Years,Total HDB Dwellings,164968,2013
5-9 Years,Condominiums & Other Apartments,28054,2013
5-9 Years,Landed Properties,11588,2013
5-9 Years,Other Types Of Dwelling,1094,2013
10-14 Years,Total HDB Dwellings,181834,2013
10-14 Years,Condominiums & Other Apartments,28691,2013
10-14 Years,Landed Properties,14558,2013
10-14 Years,Other Types Of Dwelling,1161,2013
15-19 Years,Total HDB Dwellings,206288,2013
15-19 Years,Condominiums & Other Apartments,28802,2013
15-19 Years,Landed Properties,18606,2013
15-19 Years,Other Types Of Dwelling,1370,2013
20-24 Years,Total HDB Dwellings,219254,2013
20-24 Years,Condominiums & Other Apartments,24705,2013
20-24 Years,Landed Properties,20678,2013
20-24 Years,Other Types Of Dwelling,2252,2013
25-29 Years,Total HDB Dwellings,217281,2013
25-29 Years,Condominiums & Other Apartments,20438,2013
25-29 Years,Landed Properties,16145,2013
25-29 Years,Other Types Of Dwelling,1751,2013
30-34 Years,Total HDB Dwellings,253094,2013
30-34 Years,Condominiums & Other Apartments,28193,2013
30-34 Years,Landed Properties,13255,2013
30-34 Years,Other Types Of Dwelling,2328,2013
35-39 Years,Total HDB Dwellings,249264,2013
35-39 Years,Condominiums & Other Apartments,39364,2013
35-39 Years,Landed Properties,14268,2013
35-39 Years,Other Types Of Dwelling,2607,2013
40-44 Years,Total HDB Dwellings,248245,2013
40-44 Years,Condominiums & Other Apartments,44415,2013
40-44 Years,Landed Properties,17395,2013
40-44 Years,Other Types Of Dwelling,2526,2013
45-49 Years,Total HDB Dwellings,254959,2013
45-49 Years,Condominiums & Other Apartments,39668,2013
45-49 Years,Landed Properties,19013,2013
45-49 Years,Other Types Of Dwelling,2696,2013
50-54 Years,Total HDB Dwellings,256259,2013
50-54 Years,Condominiums & Other Apartments,32837,2013
50-54 Years,Landed Properties,21145,2013
50-54 Years,Other Types Of Dwelling,2747,2013
55-59 Years,Total HDB Dwellings,232703,2013
55-59 Years,Condominiums & Other Apartments,25123,2013
55-59 Years,Landed Properties,20669,2013
55-59 Years,Other Types Of Dwelling,2574,2013
60-64 Years,Total HDB Dwellings,183838,2013
60-64 Years,Condominiums & Other Apartments,17974,2013
60-64 Years,Landed Properties,17841,2013
60-64 Years,Other Types Of Dwelling,2501,2013
65-69 Years,Total HDB Dwellings,119928,2013
65-69 Years,Condominiums & Other Apartments,11333,2013
65-69 Years,Landed Properties,12513,2013
65-69 Years,Other Types Of Dwelling,2043,2013
70-74 Years,Total HDB Dwellings,87588,2013
70-74 Years,Condominiums & Other Apartments,7166,2013
70-74 Years,Landed Properties,8897,2013
70-74 Years,Other Types Of Dwelling,2095,2013
75-79 Years,Total HDB Dwellings,57446,2013
75-79 Years,Condominiums & Other Apartments,4491,2013
75-79 Years,Landed Properties,6711,2013
75-79 Years,Other Types Of Dwelling,1971,2013
80-84 Years,Total HDB Dwellings,36452,2013
80-84 Years,Condominiums & Other Apartments,2705,2013
80-84 Years,Landed Properties,5005,2013
80-84 Years,Other Types Of Dwelling,2037,2013
85-89 Years,Total HDB Dwellings,17480,2013
85-89 Years,Condominiums & Other Apartments,1379,2013
85-89 Years,Landed Properties,2566,2013
85-89 Years,Other Types Of Dwelling,1810,2013
90 Years & Over,Total HDB Dwellings,8748,2013
90 Years & Over,Condominiums & Other Apartments,709,2013
90 Years & Over,Landed Properties,1517,2013
90 Years & Over,Other Types Of Dwelling,1847,2013
Residents,Total HDB Dwellings,3154691,2014
Residents,Condominiums & Other Apartments,425994,2014
Residents,Landed Properties,252814,2014
Residents,Other Types Of Dwelling,37240,2014
0-4 Years,Total HDB Dwellings,149709,2014
0-4 Years,Condominiums & Other Apartments,22001,2014
0-4 Years,Landed Properties,8825,2014
0-4 Years,Other Types Of Dwelling,834,2014
5-9 Years,Total HDB Dwellings,164076,2014
5-9 Years,Condominiums & Other Apartments,29080,2014
5-9 Years,Landed Properties,11606,2014
5-9 Years,Other Types Of Dwelling,1028,2014
10-14 Years,Total HDB Dwellings,175901,2014
10-14 Years,Condominiums & Other Apartments,29532,2014
10-14 Years,Landed Properties,14311,2014
10-14 Years,Other Types Of Dwelling,1052,2014
15-19 Years,Total HDB Dwellings,199244,2014
15-19 Years,Condominiums & Other Apartments,29165,2014
15-19 Years,Landed Properties,17759,2014
15-19 Years,Other Types Of Dwelling,1169,2014
20-24 Years,Total HDB Dwellings,216055,2014
20-24 Years,Condominiums & Other Apartments,25721,2014
20-24 Years,Landed Properties,20198,2014
20-24 Years,Other Types Of Dwelling,1944,2014
25-29 Years,Total HDB Dwellings,223675,2014
25-29 Years,Condominiums & Other Apartments,22606,2014
25-29 Years,Landed Properties,17644,2014
25-29 Years,Other Types Of Dwelling,1734,2014
30-34 Years,Total HDB Dwellings,248551,2014
30-34 Years,Condominiums & Other Apartments,28575,2014
30-34 Years,Landed Properties,13047,2014
30-34 Years,Other Types Of Dwelling,2114,2014
35-39 Years,Total HDB Dwellings,246019,2014
35-39 Years,Condominiums & Other Apartments,39609,2014
35-39 Years,Landed Properties,13986,2014
35-39 Years,Other Types Of Dwelling,2415,2014
40-44 Years,Total HDB Dwellings,249370,2014
40-44 Years,Condominiums & Other Apartments,46676,2014
40-44 Years,Landed Properties,17517,2014
40-44 Years,Other Types Of Dwelling,2460,2014
45-49 Years,Total HDB Dwellings,246846,2014
45-49 Years,Condominiums & Other Apartments,40863,2014
45-49 Years,Landed Properties,18434,2014
45-49 Years,Other Types Of Dwelling,2390,2014
50-54 Years,Total HDB Dwellings,256890,2014
50-54 Years,Condominiums & Other Apartments,35013,2014
50-54 Years,Landed Properties,20888,2014
50-54 Years,Other Types Of Dwelling,2712,2014
55-59 Years,Total HDB Dwellings,238087,2014
55-59 Years,Condominiums & Other Apartments,26805,2014
55-59 Years,Landed Properties,20967,2014
55-59 Years,Other Types Of Dwelling,2533,2014
60-64 Years,Total HDB Dwellings,191479,2014
60-64 Years,Condominiums & Other Apartments,19388,2014
60-64 Years,Landed Properties,18130,2014
60-64 Years,Other Types Of Dwelling,2505,2014
65-69 Years,Total HDB Dwellings,132053,2014
65-69 Years,Condominiums & Other Apartments,13213,2014
65-69 Years,Landed Properties,13729,2014
65-69 Years,Other Types Of Dwelling,2203,2014
70-74 Years,Total HDB Dwellings,87994,2014
70-74 Years,Condominiums & Other Apartments,7491,2014
70-74 Years,Landed Properties,9180,2014
70-74 Years,Other Types Of Dwelling,2150,2014
75-79 Years,Total HDB Dwellings,62050,2014
75-79 Years,Condominiums & Other Apartments,5082,2014
75-79 Years,Landed Properties,7068,2014
75-79 Years,Other Types Of Dwelling,2094,2014
80-84 Years,Total HDB Dwellings,38433,2014
80-84 Years,Condominiums & Other Apartments,2860,2014
80-84 Years,Landed Properties,5099,2014
80-84 Years,Other Types Of Dwelling,2026,2014
85-89 Years,Total HDB Dwellings,19121,2014
85-89 Years,Condominiums & Other Apartments,1562,2014
85-89 Years,Landed Properties,2834,2014
85-89 Years,Other Types Of Dwelling,1969,2014
90 Years & Over,Total HDB Dwellings,9138,2014
90 Years & Over,Condominiums & Other Apartments,752,2014
90 Years & Over,Landed Properties,1592,2014
90 Years & Over,Other Types Of Dwelling,1908,2014
Residents,Total HDB Dwellings,3162357,2015
Residents,Condominiums & Other Apartments,452998,2015
Residents,Landed Properties,251082,2015
Residents,Other Types Of Dwelling,36253,2015
0-4 Years,Total HDB Dwellings,150367,2015
0-4 Years,Condominiums & Other Apartments,23679,2015
0-4 Years,Landed Properties,8659,2015
0-4 Years,Other Types Of Dwelling,870,2015
5-9 Years,Total HDB Dwellings,161556,2015
5-9 Years,Condominiums & Other Apartments,30617,2015
5-9 Years,Landed Properties,11241,2015
5-9 Years,Other Types Of Dwelling,1038,2015
10-14 Years,Total HDB Dwellings,168505,2015
10-14 Years,Condominiums & Other Apartments,30914,2015
10-14 Years,Landed Properties,13915,2015
10-14 Years,Other Types Of Dwelling,1054,2015
15-19 Years,Total HDB Dwellings,194575,2015
15-19 Years,Condominiums & Other Apartments,30192,2015
15-19 Years,Landed Properties,17112,2015
15-19 Years,Other Types Of Dwelling,1023,2015
20-24 Years,Total HDB Dwellings,215017,2015
20-24 Years,Condominiums & Other Apartments,27421,2015
20-24 Years,Landed Properties,20045,2015
20-24 Years,Other Types Of Dwelling,1644,2015
25-29 Years,Total HDB Dwellings,227079,2015
25-29 Years,Condominiums & Other Apartments,24241,2015
25-29 Years,Landed Properties,18033,2015
25-29 Years,Other Types Of Dwelling,1677,2015
30-34 Years,Total HDB Dwellings,245125,2015
30-34 Years,Condominiums & Other Apartments,30522,2015
30-34 Years,Landed Properties,13027,2015
30-34 Years,Other Types Of Dwelling,1945,2015
35-39 Years,Total HDB Dwellings,243732,2015
35-39 Years,Condominiums & Other Apartments,41713,2015
35-39 Years,Landed Properties,13403,2015
35-39 Years,Other Types Of Dwelling,2219,2015
40-44 Years,Total HDB Dwellings,247442,2015
40-44 Years,Condominiums & Other Apartments,49869,2015
40-44 Years,Landed Properties,17030,2015
40-44 Years,Other Types Of Dwelling,2414,2015
45-49 Years,Total HDB Dwellings,240023,2015
45-49 Years,Condominiums & Other Apartments,43368,2015
45-49 Years,Landed Properties,17786,2015
45-49 Years,Other Types Of Dwelling,2236,2015
50-54 Years,Total HDB Dwellings,255201,2015
50-54 Years,Condominiums & Other Apartments,37050,2015
50-54 Years,Landed Properties,20210,2015
50-54 Years,Other Types Of Dwelling,2630,2015
55-59 Years,Total HDB Dwellings,243163,2015
55-59 Years,Condominiums & Other Apartments,28583,2015
55-59 Years,Landed Properties,20815,2015
55-59 Years,Other Types Of Dwelling,2502,2015
60-64 Years,Total HDB Dwellings,198879,2015
60-64 Years,Condominiums & Other Apartments,20786,2015
60-64 Years,Landed Properties,18313,2015
60-64 Years,Other Types Of Dwelling,2515,2015
65-69 Years,Total HDB Dwellings,149609,2015
65-69 Years,Condominiums & Other Apartments,15103,2015
65-69 Years,Landed Properties,15292,2015
65-69 Years,Other Types Of Dwelling,2421,2015
70-74 Years,Total HDB Dwellings,84178,2015
70-74 Years,Condominiums & Other Apartments,7614,2015
70-74 Years,Landed Properties,8872,2015
70-74 Years,Other Types Of Dwelling,1967,2015
75-79 Years,Total HDB Dwellings,66019,2015
75-79 Years,Condominiums & Other Apartments,5664,2015
75-79 Years,Landed Properties,7367,2015
75-79 Years,Other Types Of Dwelling,2161,2015
80-84 Years,Total HDB Dwellings,41364,2015
80-84 Years,Condominiums & Other Apartments,3151,2015
80-84 Years,Landed Properties,5216,2015
80-84 Years,Other Types Of Dwelling,2054,2015
85-89 Years,Total HDB Dwellings,20791,2015
85-89 Years,Condominiums & Other Apartments,1693,2015
85-89 Years,Landed Properties,3060,2015
85-89 Years,Other Types Of Dwelling,1950,2015
90 Years & Over,Total HDB Dwellings,9732,2015
90 Years & Over,Condominiums & Other Apartments,818,2015
90 Years & Over,Landed Properties,1686,2015
90 Years & Over,Other Types Of Dwelling,1933,2015
Residents,Total HDB Dwellings,3162636,2016
Residents,Condominiums & Other Apartments,484544,2016
Residents,Landed Properties,250745,2016
Residents,Other Types Of Dwelling,35634,2016
0-4 Years,Total HDB Dwellings,152004,2016
0-4 Years,Condominiums & Other Apartments,25800,2016
0-4 Years,Landed Properties,8533,2016
0-4 Years,Other Types Of Dwelling,823,2016
5-9 Years,Total HDB Dwellings,156968,2016
5-9 Years,Condominiums & Other Apartments,32461,2016
5-9 Years,Landed Properties,11080,2016
5-9 Years,Other Types Of Dwelling,1000,2016
10-14 Years,Total HDB Dwellings,160924,2016
10-14 Years,Condominiums & Other Apartments,32373,2016
10-14 Years,Landed Properties,13264,2016
10-14 Years,Other Types Of Dwelling,934,2016
15-19 Years,Total HDB Dwellings,190208,2016
15-19 Years,Condominiums & Other Apartments,31848,2016
15-19 Years,Landed Properties,16738,2016
15-19 Years,Other Types Of Dwelling,977,2016
20-24 Years,Total HDB Dwellings,211026,2016
20-24 Years,Condominiums & Other Apartments,29040,2016
20-24 Years,Landed Properties,19369,2016
20-24 Years,Other Types Of Dwelling,1419,2016
25-29 Years,Total HDB Dwellings,232715,2016
25-29 Years,Condominiums & Other Apartments,26765,2016
25-29 Years,Landed Properties,19014,2016
25-29 Years,Other Types Of Dwelling,1494,2016
30-34 Years,Total HDB Dwellings,239090,2016
30-34 Years,Condominiums & Other Apartments,31824,2016
30-34 Years,Landed Properties,12846,2016
30-34 Years,Other Types Of Dwelling,1784,2016
35-39 Years,Total HDB Dwellings,242354,2016
35-39 Years,Condominiums & Other Apartments,44437,2016
35-39 Years,Landed Properties,13106,2016
35-39 Years,Other Types Of Dwelling,2101,2016
40-44 Years,Total HDB Dwellings,242006,2016
40-44 Years,Condominiums & Other Apartments,52909,2016
40-44 Years,Landed Properties,16318,2016
40-44 Years,Other Types Of Dwelling,2212,2016
45-49 Years,Total HDB Dwellings,234198,2016
45-49 Years,Condominiums & Other Apartments,47109,2016
45-49 Years,Landed Properties,17663,2016
45-49 Years,Other Types Of Dwelling,2213,2016
50-54 Years,Total HDB Dwellings,253729,2016
50-54 Years,Condominiums & Other Apartments,39624,2016
50-54 Years,Landed Properties,19754,2016
50-54 Years,Other Types Of Dwelling,2491,2016
55-59 Years,Total HDB Dwellings,245893,2016
55-59 Years,Condominiums & Other Apartments,30517,2016
55-59 Years,Landed Properties,20642,2016
55-59 Years,Other Types Of Dwelling,2539,2016
60-64 Years,Total HDB Dwellings,208022,2016
60-64 Years,Condominiums & Other Apartments,22506,2016
60-64 Years,Landed Properties,18733,2016
60-64 Years,Other Types Of Dwelling,2592,2016
65-69 Years,Total HDB Dwellings,162333,2016
65-69 Years,Condominiums & Other Apartments,16736,2016
65-69 Years,Landed Properties,16342,2016
65-69 Years,Other Types Of Dwelling,2609,2016
70-74 Years,Total HDB Dwellings,84462,2016
70-74 Years,Condominiums & Other Apartments,8228,2016
70-74 Years,Landed Properties,9217,2016
70-74 Years,Other Types Of Dwelling,1889,2016
75-79 Years,Total HDB Dwellings,71583,2016
75-79 Years,Condominiums & Other Apartments,6199,2016
75-79 Years,Landed Properties,7736,2016
75-79 Years,Other Types Of Dwelling,2437,2016
80-84 Years,Total HDB Dwellings,42687,2016
80-84 Years,Condominiums & Other Apartments,3395,2016
80-84 Years,Landed Properties,5318,2016
80-84 Years,Other Types Of Dwelling,2156,2016
85-89 Years,Total HDB Dwellings,22030,2016
85-89 Years,Condominiums & Other Apartments,1865,2016
85-89 Years,Landed Properties,3274,2016
85-89 Years,Other Types Of Dwelling,1917,2016
90 Years & Over,Total HDB Dwellings,10404,2016
90 Years & Over,Condominiums & Other Apartments,908,2016
90 Years & Over,Landed Properties,1798,2016
90 Years & Over,Other Types Of Dwelling,2047,2016
Residents,Total HDB Dwellings,3156575,2017
Residents,Condominiums & Other Apartments,525584,2017
Residents,Landed Properties,249408,2017
Residents,Other Types Of Dwelling,34229,2017
0-4 Years,Total HDB Dwellings,150516,2017
0-4 Years,Condominiums & Other Apartments,28214,2017
0-4 Years,Landed Properties,8163,2017
0-4 Years,Other Types Of Dwelling,760,2017
5-9 Years,Total HDB Dwellings,153419,2017
5-9 Years,Condominiums & Other Apartments,35460,2017
5-9 Years,Landed Properties,10791,2017
5-9 Years,Other Types Of Dwelling,905,2017
10-14 Years,Total HDB Dwellings,157104,2017
10-14 Years,Condominiums & Other Apartments,35337,2017
10-14 Years,Landed Properties,12964,2017
10-14 Years,Other Types Of Dwelling,848,2017
15-19 Years,Total HDB Dwellings,182255,2017
15-19 Years,Condominiums & Other Apartments,33757,2017
15-19 Years,Landed Properties,16087,2017
15-19 Years,Other Types Of Dwelling,874,2017
20-24 Years,Total HDB Dwellings,208219,2017
20-24 Years,Condominiums & Other Apartments,30866,2017
20-24 Years,Landed Properties,18851,2017
20-24 Years,Other Types Of Dwelling,1136,2017
25-29 Years,Total HDB Dwellings,238980,2017
25-29 Years,Condominiums & Other Apartments,30134,2017
25-29 Years,Landed Properties,19711,2017
25-29 Years,Other Types Of Dwelling,1373,2017
30-34 Years,Total HDB Dwellings,231766,2017
30-34 Years,Condominiums & Other Apartments,33357,2017
30-34 Years,Landed Properties,12657,2017
30-34 Years,Other Types Of Dwelling,1560,2017
35-39 Years,Total HDB Dwellings,238954,2017
35-39 Years,Condominiums & Other Apartments,47625,2017
35-39 Years,Landed Properties,12470,2017
35-39 Years,Other Types Of Dwelling,1907,2017
40-44 Years,Total HDB Dwellings,236674,2017
40-44 Years,Condominiums & Other Apartments,57014,2017
40-44 Years,Landed Properties,15728,2017
40-44 Years,Other Types Of Dwelling,2068,2017
45-49 Years,Total HDB Dwellings,231443,2017
45-49 Years,Condominiums & Other Apartments,52171,2017
45-49 Years,Landed Properties,17793,2017
45-49 Years,Other Types Of Dwelling,2050,2017
50-54 Years,Total HDB Dwellings,248778,2017
50-54 Years,Condominiums & Other Apartments,42581,2017
50-54 Years,Landed Properties,19132,2017
50-54 Years,Other Types Of Dwelling,2323,2017
55-59 Years,Total HDB Dwellings,246038,2017
55-59 Years,Condominiums & Other Apartments,32900,2017
55-59 Years,Landed Properties,20222,2017
55-59 Years,Other Types Of Dwelling,2518,2017
60-64 Years,Total HDB Dwellings,216223,2017
60-64 Years,Condominiums & Other Apartments,24474,2017
60-64 Years,Landed Properties,19315,2017
60-64 Years,Other Types Of Dwelling,2639,2017
65-69 Years,Total HDB Dwellings,166911,2017
65-69 Years,Condominiums & Other Apartments,18007,2017
65-69 Years,Landed Properties,16439,2017
65-69 Years,Other Types Of Dwelling,2612,2017
70-74 Years,Total HDB Dwellings,96995,2017
70-74 Years,Condominiums & Other Apartments,10080,2017
70-74 Years,Landed Properties,10376,2017
70-74 Years,Other Types Of Dwelling,2043,2017
75-79 Years,Total HDB Dwellings,74697,2017
75-79 Years,Condominiums & Other Apartments,6823,2017
75-79 Years,Landed Properties,7917,2017
75-79 Years,Other Types Of Dwelling,2516,2017
80-84 Years,Total HDB Dwellings,43021,2017
80-84 Years,Condominiums & Other Apartments,3761,2017
80-84 Years,Landed Properties,5411,2017
80-84 Years,Other Types Of Dwelling,2148,2017
85-89 Years,Total HDB Dwellings,23120,2017
85-89 Years,Condominiums & Other Apartments,1986,2017
85-89 Years,Landed Properties,3465,2017
85-89 Years,Other Types Of Dwelling,1910,2017
90 Years & Over,Total HDB Dwellings,11462,2017
90 Years & Over,Condominiums & Other Apartments,1037,2017
90 Years & Over,Landed Properties,1916,2017
90 Years & Over,Other Types Of Dwelling,2039,2017
Residents,Total HDB Dwellings,3149249,2018
Residents,Condominiums & Other Apartments,562228,2018
Residents,Landed Properties,248240,2018
Residents,Other Types Of Dwelling,34566,2018
0-4 Years,Total HDB Dwellings,147012,2018
0-4 Years,Condominiums & Other Apartments,29965,2018
0-4 Years,Landed Properties,7851,2018
0-4 Years,Other Types Of Dwelling,700,2018
5-9 Years,Total HDB Dwellings,149151,2018
5-9 Years,Condominiums & Other Apartments,38410,2018
5-9 Years,Landed Properties,10660,2018
5-9 Years,Other Types Of Dwelling,845,2018
10-14 Years,Total HDB Dwellings,154403,2018
10-14 Years,Condominiums & Other Apartments,38371,2018
10-14 Years,Landed Properties,12960,2018
10-14 Years,Other Types Of Dwelling,796,2018
15-19 Years,Total HDB Dwellings,174718,2018
15-19 Years,Condominiums & Other Apartments,35440,2018
15-19 Years,Landed Properties,15466,2018
15-19 Years,Other Types Of Dwelling,896,2018
20-24 Years,Total HDB Dwellings,203941,2018
20-24 Years,Condominiums & Other Apartments,32063,2018
20-24 Years,Landed Properties,18339,2018
20-24 Years,Other Types Of Dwelling,1173,2018
25-29 Years,Total HDB Dwellings,238548,2018
25-29 Years,Condominiums & Other Apartments,32353,2018
25-29 Years,Landed Properties,19460,2018
25-29 Years,Other Types Of Dwelling,1270,2018
30-34 Years,Total HDB Dwellings,231391,2018
30-34 Years,Condominiums & Other Apartments,35412,2018
30-34 Years,Landed Properties,13114,2018
30-34 Years,Other Types Of Dwelling,1480,2018
35-39 Years,Total HDB Dwellings,237856,2018
35-39 Years,Condominiums & Other Apartments,51866,2018
35-39 Years,Landed Properties,12295,2018
35-39 Years,Other Types Of Dwelling,1703,2018
40-44 Years,Total HDB Dwellings,227509,2018
40-44 Years,Condominiums & Other Apartments,59246,2018
40-44 Years,Landed Properties,14932,2018
40-44 Years,Other Types Of Dwelling,1953,2018
45-49 Years,Total HDB Dwellings,230679,2018
45-49 Years,Condominiums & Other Apartments,57420,2018
45-49 Years,Landed Properties,17831,2018
45-49 Years,Other Types Of Dwelling,1908,2018
50-54 Years,Total HDB Dwellings,242985,2018
50-54 Years,Condominiums & Other Apartments,45106,2018
50-54 Years,Landed Properties,18653,2018
50-54 Years,Other Types Of Dwelling,2221,2018
55-59 Years,Total HDB Dwellings,246817,2018
55-59 Years,Condominiums & Other Apartments,35127,2018
55-59 Years,Landed Properties,19936,2018
55-59 Years,Other Types Of Dwelling,2510,2018
60-64 Years,Total HDB Dwellings,223221,2018
60-64 Years,Condominiums & Other Apartments,26336,2018
60-64 Years,Landed Properties,19466,2018
60-64 Years,Other Types Of Dwelling,2665,2018
65-69 Years,Total HDB Dwellings,173904,2018
65-69 Years,Condominiums & Other Apartments,18789,2018
65-69 Years,Landed Properties,16606,2018
65-69 Years,Other Types Of Dwelling,2802,2018
70-74 Years,Total HDB Dwellings,109823,2018
70-74 Years,Condominiums & Other Apartments,11883,2018
70-74 Years,Landed Properties,11473,2018
70-74 Years,Other Types Of Dwelling,2367,2018
75-79 Years,Total HDB Dwellings,75648,2018
75-79 Years,Condominiums & Other Apartments,7128,2018
75-79 Years,Landed Properties,7892,2018
75-79 Years,Other Types Of Dwelling,2659,2018
80-84 Years,Total HDB Dwellings,45012,2018
80-84 Years,Condominiums & Other Apartments,4069,2018
80-84 Years,Landed Properties,5621,2018
80-84 Years,Other Types Of Dwelling,2401,2018
85-89 Years,Total HDB Dwellings,24217,2018
85-89 Years,Condominiums & Other Apartments,2150,2018
85-89 Years,Landed Properties,3605,2018
85-89 Years,Other Types Of Dwelling,2019,2018
90 Years & Over,Total HDB Dwellings,12414,2018
90 Years & Over,Condominiums & Other Apartments,1094,2018
90 Years & Over,Landed Properties,2080,2018
90 Years & Over,Other Types Of Dwelling,2198,2018
Residents,Total HDB Dwellings,3154524,2019
Residents,Condominiums & Other Apartments,587860,2019
Residents,Landed Properties,249077,2019
Residents,Other Types Of Dwelling,34748,2019
0-4 Years,Total HDB Dwellings,146195,2019
0-4 Years,Condominiums & Other Apartments,30803,2019
0-4 Years,Landed Properties,7777,2019
0-4 Years,Other Types Of Dwelling,580,2019
5-9 Years,Total HDB Dwellings,146167,2019
5-9 Years,Condominiums & Other Apartments,40229,2019
5-9 Years,Landed Properties,10570,2019
5-9 Years,Other Types Of Dwelling,809,2019
10-14 Years,Total HDB Dwellings,153260,2019
10-14 Years,Condominiums & Other Apartments,40703,2019
10-14 Years,Landed Properties,13191,2019
10-14 Years,Other Types Of Dwelling,772,2019
15-19 Years,Total HDB Dwellings,168968,2019
15-19 Years,Condominiums & Other Apartments,37003,2019
15-19 Years,Landed Properties,15282,2019
15-19 Years,Other Types Of Dwelling,969,2019
20-24 Years,Total HDB Dwellings,197454,2019
20-24 Years,Condominiums & Other Apartments,32712,2019
20-24 Years,Landed Properties,17615,2019
20-24 Years,Other Types Of Dwelling,1298,2019
25-29 Years,Total HDB Dwellings,234747,2019
25-29 Years,Condominiums & Other Apartments,33127,2019
25-29 Years,Landed Properties,19092,2019
25-29 Years,Other Types Of Dwelling,1228,2019
30-34 Years,Total HDB Dwellings,239934,2019
30-34 Years,Condominiums & Other Apartments,38005,2019
30-34 Years,Landed Properties,14057,2019
30-34 Years,Other Types Of Dwelling,1450,2019
35-39 Years,Total HDB Dwellings,233930,2019
35-39 Years,Condominiums & Other Apartments,53325,2019
35-39 Years,Landed Properties,11981,2019
35-39 Years,Other Types Of Dwelling,1582,2019
40-44 Years,Total HDB Dwellings,223336,2019
40-44 Years,Condominiums & Other Apartments,61030,2019
40-44 Years,Landed Properties,14609,2019
40-44 Years,Other Types Of Dwelling,1788,2019
45-49 Years,Total HDB Dwellings,230541,2019
45-49 Years,Condominiums & Other Apartments,61194,2019
45-49 Years,Landed Properties,18071,2019
45-49 Years,Other Types Of Dwelling,1876,2019
50-54 Years,Total HDB Dwellings,234631,2019
50-54 Years,Condominiums & Other Apartments,47021,2019
50-54 Years,Landed Properties,17997,2019
50-54 Years,Other Types Of Dwelling,2033,2019
55-59 Years,Total HDB Dwellings,247491,2019
55-59 Years,Condominiums & Other Apartments,37022,2019
55-59 Years,Landed Properties,19719,2019
55-59 Years,Other Types Of Dwelling,2527,2019
60-64 Years,Total HDB Dwellings,229076,2019
60-64 Years,Condominiums & Other Apartments,27444,2019
60-64 Years,Landed Properties,19623,2019
60-64 Years,Other Types Of Dwelling,2685,2019
65-69 Years,Total HDB Dwellings,181847,2019
65-69 Years,Condominiums & Other Apartments,19671,2019
65-69 Years,Landed Properties,16892,2019
65-69 Years,Other Types Of Dwelling,2886,2019
70-74 Years,Total HDB Dwellings,121738,2019
70-74 Years,Condominiums & Other Apartments,13305,2019
70-74 Years,Landed Properties,12501,2019
70-74 Years,Other Types Of Dwelling,2583,2019
75-79 Years,Total HDB Dwellings,76526,2019
75-79 Years,Condominiums & Other Apartments,7311,2019
75-79 Years,Landed Properties,8169,2019
75-79 Years,Other Types Of Dwelling,2594,2019
80-84 Years,Total HDB Dwellings,49238,2019
80-84 Years,Condominiums & Other Apartments,4553,2019
80-84 Years,Landed Properties,5925,2019
80-84 Years,Other Types Of Dwelling,2577,2019
85-89 Years,Total HDB Dwellings,25905,2019
85-89 Years,Condominiums & Other Apartments,2215,2019
85-89 Years,Landed Properties,3735,2019
85-89 Years,Other Types Of Dwelling,2080,2019
90 Years & Over,Total HDB Dwellings,13540,2019
90 Years & Over,Condominiums & Other Apartments,1187,2019
90 Years & Over,Landed Properties,2271,2019
90 Years & Over,Other Types Of Dwelling,2431,2019
